{"type": "FeatureCollection", "features": [{"type": "Feature", "properties": {"nombre": "Agronomia", "comuna": 15, "n_hex": 4, "delitos_2025": 368, "poblacion": 13912, "presion_visitantes": 0.562, "riesgo_manana": 0.13711, "riesgo_total_manana": 0.5484, "riesgo_robo_manana": 0.0466, "riesgo_hurto_manana": 0.05322, "riesgo_lesiones_manana": 0.00493, "riesgo_amenazas_manana": 0.00617, "riesgo_tarde": 0.14037, "riesgo_total_tarde": 0.5615, "riesgo_robo_tarde": 0.04713, "riesgo_hurto_tarde": 0.05536, "riesgo_lesiones_tarde": 0.00812, "riesgo_amenazas_tarde": 0.00933, "riesgo_noche": 0.04729, "riesgo_total_noche": 0.1892, "riesgo_robo_noche": 0.01776, "riesgo_hurto_noche": 0.02327, "riesgo_lesiones_noche": 0.00255, "riesgo_amenazas_noche": 0.00413, "riesgo_madrugada": 0.01926, "riesgo_total_madrugada": 0.0771, "riesgo_robo_madrugada": 0.00876, "riesgo_hurto_madrugada": 0.00761, "riesgo_lesiones_madrugada": 0.00131, "riesgo_amenazas_madrugada": 0.0013, "delitos_robo": 92, "delitos_hurto": 151, "delitos_lesiones": 22, "delitos_amenazas": 35, "delitos_vialidad": 66, "delitos_homicidios": 2}, "geometry": {"type": "Polygon", "coordinates": [[[-58.475890169642184, -34.591729162392305], [-58.478832163758454, -34.59967637826255], [-58.482844411895826, -34.597949032705834], [-58.483456873969345, -34.59776357440074], [-58.49717523922212, -34.596822971770784], [-58.50354366270087, -34.59445578824524], [-58.50308343148194, -34.59438790964244], [-58.50347172005461, -34.593959253914015], [-58.48879415727158, -34.58482403134742], [-58.48471116308242, -34.58912468077005], [-58.481289265332336, -34.590305464925294], [-58.475890169642184, -34.591729162392305]]]}}, {"type": "Feature", "properties": {"nombre": "Almagro", "comuna": 5, "n_hex": 8, "delitos_2025": 4908, "poblacion": 131699, "presion_visitantes": 0.688, "riesgo_manana": 0.559, "riesgo_total_manana": 4.472, "riesgo_robo_manana": 0.24202, "riesgo_hurto_manana": 0.19216, "riesgo_lesiones_manana": 0.02998, "riesgo_amenazas_manana": 0.0291, "riesgo_tarde": 0.69767, "riesgo_total_tarde": 5.5814, "riesgo_robo_tarde": 0.27893, "riesgo_hurto_tarde": 0.25137, "riesgo_lesiones_tarde": 0.04657, "riesgo_amenazas_tarde": 0.03958, "riesgo_noche": 0.28982, "riesgo_total_noche": 2.3186, "riesgo_robo_noche": 0.14409, "riesgo_hurto_noche": 0.09266, "riesgo_lesiones_noche": 0.01755, "riesgo_amenazas_noche": 0.01928, "riesgo_madrugada": 0.14062, "riesgo_total_madrugada": 1.125, "riesgo_robo_madrugada": 0.06807, "riesgo_hurto_madrugada": 0.03623, "riesgo_lesiones_madrugada": 0.01135, "riesgo_amenazas_madrugada": 0.00532, "delitos_robo": 2108, "delitos_hurto": 1728, "delitos_lesiones": 325, "delitos_amenazas": 321, "delitos_vialidad": 426, "delitos_homicidios": 0}, "geometry": {"type": "Polygon", "coordinates": [[[-58.42284263479575, -34.59771800262326], [-58.41192253140976, -34.5980082151563], [-58.412303652383585, -34.600357213455844], [-58.413911824862225, -34.60725128835602], [-58.41410247688072, -34.607911937702106], [-58.414663514494634, -34.608194983540926], [-58.41447055478863, -34.61074128013696], [-58.413317540373455, -34.612859574479046], [-58.412873597839415, -34.614121027871846], [-58.41254739310853, -34.62064696103565], [-58.423523858399946, -34.62149118465207], [-58.42779818792835, -34.622079200302956], [-58.429255350056906, -34.61511051469348], [-58.43003137426665, -34.61545404367607], [-58.430671988778066, -34.60594640975917], [-58.43333687771966, -34.60267859363733], [-58.432243441632785, -34.60213894439448], [-58.43027799996006, -34.599887407339935], [-58.42943185651599, -34.59913138941789], [-58.42855102818961, -34.59867775593027], [-58.42678829291573, -34.5979494812089], [-58.42375620668038, -34.597832538504306], [-58.42284263479575, -34.59771800262326]]]}}, {"type": "Feature", "properties": {"nombre": "Balvanera", "comuna": 3, "n_hex": 8, "delitos_2025": 7782, "poblacion": 138926, "presion_visitantes": 0.875, "riesgo_manana": 0.83977, "riesgo_total_manana": 6.7182, "riesgo_robo_manana": 0.31675, "riesgo_hurto_manana": 0.37838, "riesgo_lesiones_manana": 0.06209, "riesgo_amenazas_manana": 0.04221, "riesgo_tarde": 1.2189, "riesgo_total_tarde": 9.7512, "riesgo_robo_tarde": 0.44264, "riesgo_hurto_tarde": 0.52434, "riesgo_lesiones_tarde": 0.09205, "riesgo_amenazas_tarde": 0.06152, "riesgo_noche": 0.35997, "riesgo_total_noche": 2.8798, "riesgo_robo_noche": 0.18202, "riesgo_hurto_noche": 0.10857, "riesgo_lesiones_noche": 0.03336, "riesgo_amenazas_noche": 0.02655, "riesgo_madrugada": 0.17218, "riesgo_total_madrugada": 1.3774, "riesgo_robo_madrugada": 0.09037, "riesgo_hurto_madrugada": 0.0329, "riesgo_lesiones_madrugada": 0.02334, "riesgo_amenazas_madrugada": 0.00607, "delitos_robo": 2923, "delitos_hurto": 3125, "delitos_lesiones": 621, "delitos_amenazas": 485, "delitos_vialidad": 624, "delitos_homicidios": 4}, "geometry": {"type": "Polygon", "coordinates": [[[-58.39293533370779, -34.599642149302134], [-58.392391551116624, -34.603160338101695], [-58.39181098256765, -34.61128469148097], [-58.39166476202498, -34.61551621048598], [-58.39170141710722, -34.61816380098751], [-58.403516778194955, -34.61884488946978], [-58.41254739310853, -34.62064696103565], [-58.412873597839415, -34.614121027871846], [-58.413317540373455, -34.612859574479046], [-58.41447055478863, -34.61074128013696], [-58.414663514494634, -34.608194983540926], [-58.41410247688072, -34.607911937702106], [-58.413911824862225, -34.60725128835602], [-58.412303652383585, -34.600357213455844], [-58.41192253140976, -34.5980082151563], [-58.41029791226502, -34.59809787350611], [-58.404510717536766, -34.59804106689294], [-58.402012342973116, -34.59937478850392], [-58.39872726394246, -34.59976535365024], [-58.39293533370779, -34.599642149302134]]]}}, {"type": "Feature", "properties": {"nombre": "Barracas", "comuna": 4, "n_hex": 14, "delitos_2025": 4678, "poblacion": 89452, "presion_visitantes": 0.167, "riesgo_manana": 0.29152, "riesgo_total_manana": 4.0813, "riesgo_robo_manana": 0.13514, "riesgo_hurto_manana": 0.07253, "riesgo_lesiones_manana": 0.0222, "riesgo_amenazas_manana": 0.02443, "riesgo_tarde": 0.34719, "riesgo_total_tarde": 4.8607, "riesgo_robo_tarde": 0.15843, "riesgo_hurto_tarde": 0.0718, "riesgo_lesiones_tarde": 0.03461, "riesgo_amenazas_tarde": 0.0344, "riesgo_noche": 0.11414, "riesgo_total_noche": 1.598, "riesgo_robo_noche": 0.05185, "riesgo_hurto_noche": 0.0288, "riesgo_lesiones_noche": 0.01483, "riesgo_amenazas_noche": 0.01631, "riesgo_madrugada": 0.06132, "riesgo_total_madrugada": 0.8584, "riesgo_robo_madrugada": 0.03469, "riesgo_hurto_madrugada": 0.01102, "riesgo_lesiones_madrugada": 0.00906, "riesgo_amenazas_madrugada": 0.00456, "delitos_robo": 2130, "delitos_hurto": 1286, "delitos_lesiones": 485, "delitos_amenazas": 505, "delitos_vialidad": 266, "delitos_homicidios": 6}, "geometry": {"type": "Polygon", "coordinates": [[[-58.37096872656504, -34.62665144696798], [-58.3702353007932, -34.633757229648864], [-58.36812501446394, -34.64769416815234], [-58.36765381444949, -34.65014168330116], [-58.3696618484966, -34.65133795769121], [-58.37001717285527, -34.652106460449914], [-58.36967610712589, -34.65323568373368], [-58.36979205642941, -34.6535823682468], [-58.370317890359544, -34.65398498583178], [-58.37180176435438, -34.654651524062366], [-58.37241716690687, -34.65500707996154], [-58.372839438759236, -34.65536624417959], [-58.37363080455895, -34.656399712037086], [-58.374123909021634, -34.656768650021675], [-58.37510734026501, -34.65694871688271], [-58.37637740576352, -34.65682560881355], [-58.37661842507194, -34.656946160593925], [-58.377385947374165, -34.65693042374112], [-58.37763707442007, -34.65712503319717], [-58.37925447031481, -34.65745648091747], [-58.38152441299306, -34.657541498963155], [-58.382048312348445, -34.657492957433135], [-58.38241624802204, -34.65755521121034], [-58.382818921737524, -34.65751016270096], [-58.38303531383777, -34.65758901047087], [-58.383414400058115, -34.65752653997066], [-58.38355058457986, -34.65760354494336], [-58.38412724549895, -34.65761393726163], [-58.385178826856205, -34.65785043527689], [-58.385607073086376, -34.65806315316334], [-58.38644654115373, -34.65870983914374], [-58.38691024515562, -34.65941018264923], [-58.3877200353282, -34.66016482233656], [-58.38796589063213, -34.660230801098315], [-58.38813892684785, -34.66038974772493], [-58.389044733215805, -34.6605059775071], [-58.38918991281258, -34.6606365228698], [-58.38948258074743, -34.660645286374184], [-58.39022856996834, -34.660858659459464], [-58.390628665550544, -34.661072411823525], [-58.39075775349505, -34.66103003754469], [-58.3910664809878, -34.66145760966095], [-58.391590837591, -34.66190725198096], [-58.39247382791384, -34.662195398203444], [-58.39318379781518, -34.66229740953414], [-58.39430610314126, -34.66221219020834], [-58.39500198036871, -34.662077948761215], [-58.39557539517723, -34.66186218819551], [-58.39597892264223, -34.66184953318792], [-58.39642353379234, -34.66202985767439], [-58.397134621279704, -34.66200384325662], [-58.397548672888405, -34.661812156405674], [-58.39777482752918, -34.66134929704302], [-58.39792581493132, -34.6612271608888], [-58.399196594657106, -34.66090065239124], [-58.39981027295585, -34.660911132425746], [-58.39999998374822, -34.660760167723936], [-58.40076246500219, -34.66047685488462], [-58.40105418944539, -34.65999440754796], [-58.40274911353869, -34.655876754705545], [-58.40417057932397, -34.6514833385528], [-58.404430155034795, -34.65087500920272], [-58.405048640988014, -34.64980220067825], [-58.40455792625404, -34.649419575132036], [-58.40274972478354, -34.64706430695481], [-58.40152784429683, -34.64686234498235], [-58.401545386585894, -34.64678701627535], [-58.40108756192721, -34.64673503691882], [-58.400606352895565, -34.646556911472445], [-58.40033647746207, -34.64636272293054], [-58.40049628278122, -34.645922446757915], [-58.391404444742484, -34.64209028207305], [-58.39147548673337, -34.640830594940404], [-58.38988582697721, -34.64020957225905], [-58.39035697026888, -34.634128602067136], [-58.388561248812636, -34.63371624330622], [-58.383396204704034, -34.632224785746125], [-58.38133730586496, -34.63084939427818], [-58.38125494654824, -34.63307428321226], [-58.38014808978827, -34.633035934618114], [-58.380096943264526, -34.632636386186185], [-58.379514867131, -34.632215631575356], [-58.378626122498254, -34.63050324041974], [-58.379049190418385, -34.629337746977214], [-58.377724275744605, -34.62847688551346], [-58.37456562467141, -34.62680369522484], [-58.37096872656504, -34.62665144696798]]]}}, {"type": "Feature", "properties": {"nombre": "Belgrano", "comuna": 13, "n_hex": 16, "delitos_2025": 4533, "poblacion": 126267, "presion_visitantes": 0.812, "riesgo_manana": 0.23282, "riesgo_total_manana": 3.7251, "riesgo_robo_manana": 0.0855, "riesgo_hurto_manana": 0.09163, "riesgo_lesiones_manana": 0.01241, "riesgo_amenazas_manana": 0.01181, "riesgo_tarde": 0.37094, "riesgo_total_tarde": 5.9351, "riesgo_robo_tarde": 0.1173, "riesgo_hurto_tarde": 0.14254, "riesgo_lesiones_tarde": 0.01892, "riesgo_amenazas_tarde": 0.015, "riesgo_noche": 0.11515, "riesgo_total_noche": 1.8423, "riesgo_robo_noche": 0.03955, "riesgo_hurto_noche": 0.03816, "riesgo_lesiones_noche": 0.00715, "riesgo_amenazas_noche": 0.00617, "riesgo_madrugada": 0.03247, "riesgo_total_madrugada": 0.5196, "riesgo_robo_madrugada": 0.01348, "riesgo_hurto_madrugada": 0.00982, "riesgo_lesiones_madrugada": 0.00368, "riesgo_amenazas_madrugada": 0.00161, "delitos_robo": 1419, "delitos_hurto": 2205, "delitos_lesiones": 250, "delitos_amenazas": 240, "delitos_vialidad": 418, "delitos_homicidios": 1}, "geometry": {"type": "Polygon", "coordinates": [[[-58.45167104969051, -34.53564508276152], [-58.452864134349625, -34.53571884937576], [-58.453132261720896, -34.535805232789805], [-58.45407181828169, -34.53653976624227], [-58.45478035047857, -34.53730940888419], [-58.454834500022756, -34.53748323754863], [-58.4546295261159, -34.53811973945052], [-58.454233174814924, -34.53867661785094], [-58.45278913137589, -34.539430175507206], [-58.45235755763741, -34.5395810282165], [-58.45217041798593, -34.53956419510006], [-58.45191080051476, -34.5392036120799], [-58.45193198381143, -34.538991754201184], [-58.45129523630593, -34.538376025389304], [-58.45119491811977, -34.5381489078883], [-58.45046336665105, -34.537812920963056], [-58.449880080157484, -34.53736245066019], [-58.44988015669943, -34.53688544178202], [-58.45003224195555, -34.536120734024166], [-58.44906714077152, -34.53555990218353], [-58.448901596217134, -34.53557803852159], [-58.44877987892303, -34.535711733528494], [-58.448800336686844, -34.535817431570734], [-58.44932781646191, -34.53615438163911], [-58.449395178824744, -34.53632177623105], [-58.448699271632336, -34.537223176487664], [-58.44869436367218, -34.53735200132489], [-58.448567984279904, -34.53740071123808], [-58.448356069536416, -34.53733761230665], [-58.44797060465986, -34.53699163645656], [-58.447948944311904, -34.53676554019763], [-58.44763455191621, -34.53649911632533], [-58.44638441809379, -34.53600964688377], [-58.44537022202538, -34.536023816033634], [-58.44418644576077, -34.536279056349294], [-58.44364618871658, -34.53631475654609], [-58.443863687174854, -34.53614484618917], [-58.44281706565485, -34.536759539149216], [-58.442288622886885, -34.53730122794152], [-58.44219341552695, -34.53726289526333], [-58.442289587779236, -34.5370332702859], [-58.44176501110901, -34.53790533038178], [-58.441562299555464, -34.53787072996937], [-58.441584261129016, -34.537626475622886], [-58.44132724413364, -34.53857648365801], [-58.44112149304502, -34.53858301159086], [-58.4410779699716, -34.53834045817414], [-58.441098778340525, -34.53914284424513], [-58.44083679505553, -34.53915079834328], [-58.440888304029635, -34.540208860266794], [-58.440784519721525, -34.540304720119714], [-58.440601994054425, -34.540247896154284], [-58.44042482269977, -34.54030250696246], [-58.44032121710047, -34.54020947962583], [-58.44031882463068, -34.53927115845757], [-58.44025715920719, -34.539209149983634], [-58.44017719260881, -34.539260298318275], [-58.44021450104488, -34.53983867822916], [-58.43923700376901, -34.54013637384451], [-58.43819908473052, -34.53994946765607], [-58.43740215276143, -34.54000050886235], [-58.43763881830286, -34.539852040787906], [-58.43756043932938, -34.5398024158173], [-58.43734983434896, -34.540008480832235], [-58.43639193976266, -34.54028461632217], [-58.435888548156896, -34.54061234862643], [-58.43525800465213, -34.54125658006791], [-58.434944154182155, -34.54190938533122], [-58.43420302443965, -34.54186596482963], [-58.434205851154246, -34.542026061468626], [-58.434920928280626, -34.5420020722926], [-58.434624119666594, -34.54258212160814], [-58.43418440525512, -34.542923452569305], [-58.43311809470994, -34.54340097459083], [-58.43187689030702, -34.54419976188775], [-58.431296531880584, -34.54484563680223], [-58.43049998844495, -34.54637353963206], [-58.43004895936123, -34.54687689740354], [-58.42997757650827, -34.54693055762627], [-58.429533314177036, -34.54662043541108], [-58.429495996518405, -34.54665800086476], [-58.42993052725654, -34.546969462546755], [-58.42975954872197, -34.54725017791817], [-58.42973242274401, -34.54756323969351], [-58.42981828374901, -34.54780750578844], [-58.43004200882397, -34.54804107350716], [-58.42963204866005, -34.54863059155689], [-58.42807022934368, -34.548088497614174], [-58.42706028990311, -34.548040483749205], [-58.426555225840715, -34.54823265688841], [-58.42577755237648, -34.54873254202404], [-58.42570823541796, -34.54855587511816], [-58.42593641032651, -34.54840406923954], [-58.42571402821785, -34.54851359697607], [-58.42567242379951, -34.548610598976104], [-58.42573082935103, -34.5487216108521], [-58.425274723013736, -34.548971933651885], [-58.42514947120681, -34.54892020502903], [-58.42521195332394, -34.5491339252828], [-58.42495282906074, -34.549092653333446], [-58.424741854890236, -34.54936993180494], [-58.42512707340257, -34.54933202975143], [-58.42526887405787, -34.549585934051315], [-58.42543371492382, -34.54970229120595], [-58.425730785916656, -34.55032193564078], [-58.425625310839614, -34.55043373574652], [-58.42570903159686, -34.550608220409714], [-58.425857672863465, -34.55068654890124], [-58.425973808958915, -34.5509147229577], [-58.426068434468036, -34.550885675373394], [-58.42647082917234, -34.5517580915964], [-58.42669533178922, -34.55205414353826], [-58.429401564156706, -34.550956446287785], [-58.42976220444741, -34.55094233664208], [-58.43098714459271, -34.55112501627761], [-58.43168355732801, -34.55142047811737], [-58.4344261987988, -34.55305621010804], [-58.434633385043654, -34.55331621675238], [-58.43465660855799, -34.55359987138236], [-58.43411372952909, -34.5539635506837], [-58.43598521801039, -34.55486569871285], [-58.43770175306095, -34.55615349440089], [-58.43881459168942, -34.55651119512737], [-58.44016179630621, -34.557110204081724], [-58.44106131376859, -34.55790250180212], [-58.44138828018455, -34.55882208848241], [-58.44096101122446, -34.55991985273797], [-58.44033066344391, -34.560562003501744], [-58.43924358388997, -34.56129216198463], [-58.43798307694817, -34.56176290332876], [-58.43655308016808, -34.56193464408221], [-58.434960847039065, -34.56179829631029], [-58.434861490176466, -34.56209525140676], [-58.435405433619195, -34.562543094594], [-58.436430168109744, -34.562583803062644], [-58.438435805905556, -34.56248159593368], [-58.44116517463695, -34.56214001582999], [-58.44253792836607, -34.5636951427871], [-58.44262451863038, -34.563632269365975], [-58.44785691346942, -34.56671888363027], [-58.44904676119445, -34.567859827048814], [-58.45228975065864, -34.56611435102797], [-58.45747703156592, -34.56911526456009], [-58.457630023875744, -34.569004071714076], [-58.457711546291065, -34.56953246678639], [-58.46335727075378, -34.575014325093214], [-58.46736584353383, -34.57250216497175], [-58.46808280219982, -34.57291482378605], [-58.473369827681005, -34.56666768335336], [-58.47065128779516, -34.56501108137426], [-58.46765055842208, -34.563054352418995], [-58.46649186218607, -34.56219648199534], [-58.46768555987636, -34.561693617501696], [-58.46703884337077, -34.56132137710532], [-58.46918578969931, -34.55893483100514], [-58.45300863878128, -34.5505104719913], [-58.45339553634792, -34.550059225647416], [-58.45415975850297, -34.549411029992044], [-58.45412346169102, -34.54899122858818], [-58.4521263973128, -34.54629085569269], [-58.44927718554516, -34.54265892258678], [-58.45170894058859, -34.541325905101395], [-58.452583778398854, -34.54097886276194], [-58.45474932991871, -34.54033260908041], [-58.45828635090432, -34.538604380921726], [-58.45944479730046, -34.53780552914966], [-58.458717967963096, -34.53721685376504], [-58.45855970876752, -34.53732575059548], [-58.456265276460016, -34.53633849543429], [-58.45386545717745, -34.535044987740655], [-58.453686547230014, -34.53481707370583], [-58.45347180646244, -34.53427114294332], [-58.45223522930813, -34.53241138600115], [-58.452111572469214, -34.5320721098303], [-58.45182629072335, -34.5317451541352], [-58.45159560287355, -34.53168934682863], [-58.45105564246743, -34.531870086383954], [-58.45079399183235, -34.53216245266208], [-58.45067898308176, -34.53293828606019], [-58.4501415515746, -34.534123870646994], [-58.44996016392283, -34.535038080253095], [-58.45013619280387, -34.535371630901146], [-58.450569454183324, -34.535617179158436], [-58.45104339879911, -34.535708882551695], [-58.45167104969051, -34.53564508276152]]]}}, {"type": "Feature", "properties": {"nombre": "La Boca", "comuna": 4, "n_hex": 11, "delitos_2025": 2416, "poblacion": 45113, "presion_visitantes": 0.229, "riesgo_manana": 0.17067, "riesgo_total_manana": 1.8774, "riesgo_robo_manana": 0.07353, "riesgo_hurto_manana": 0.04045, "riesgo_lesiones_manana": 0.01741, "riesgo_amenazas_manana": 0.02083, "riesgo_tarde": 0.23952, "riesgo_total_tarde": 2.6348, "riesgo_robo_tarde": 0.10546, "riesgo_hurto_tarde": 0.04648, "riesgo_lesiones_tarde": 0.0284, "riesgo_amenazas_tarde": 0.02893, "riesgo_noche": 0.09218, "riesgo_total_noche": 1.0139, "riesgo_robo_noche": 0.04055, "riesgo_hurto_noche": 0.01873, "riesgo_lesiones_noche": 0.01326, "riesgo_amenazas_noche": 0.01342, "riesgo_madrugada": 0.04115, "riesgo_total_madrugada": 0.4526, "riesgo_robo_madrugada": 0.02123, "riesgo_hurto_madrugada": 0.00628, "riesgo_lesiones_madrugada": 0.00756, "riesgo_amenazas_madrugada": 0.00292, "delitos_robo": 996, "delitos_hurto": 657, "delitos_lesiones": 309, "delitos_amenazas": 334, "delitos_vialidad": 116, "delitos_homicidios": 4}, "geometry": {"type": "Polygon", "coordinates": [[[-58.3514693332924, -34.619364231504], [-58.35120145430796, -34.619361931713264], [-58.35087336397576, -34.61947497240739], [-58.35088039543056, -34.61961831892896], [-58.35077676797017, -34.61967595746911], [-58.35068782650023, -34.619558415997616], [-58.350165015600595, -34.61974108887015], [-58.34957810566923, -34.619794673355266], [-58.34907318066083, -34.61964777240772], [-58.34832126514011, -34.61905822218196], [-58.347854052363495, -34.61896959149909], [-58.34729532399051, -34.61893966438857], [-58.34656868881185, -34.61910695248077], [-58.345974708625555, -34.618858610517904], [-58.345202645522804, -34.61882006994019], [-58.34460125127602, -34.61900324051163], [-58.344582754576024, -34.619337743610714], [-58.344681577702026, -34.61963167256537], [-58.34519826639904, -34.61983633083844], [-58.345452083830686, -34.6198766443726], [-58.346243244240256, -34.61935021215356], [-58.346339028179955, -34.61921019557378], [-58.346567516110056, -34.619281805910056], [-58.347156703355886, -34.61999361125477], [-58.34710512690904, -34.62055209747526], [-58.34697243676792, -34.62099292073353], [-58.34645868588963, -34.62162394833626], [-58.34651766481343, -34.621994660029316], [-58.346067530051386, -34.622684097377096], [-58.34604309496527, -34.622906749488074], [-58.34593849276325, -34.622959824469206], [-58.34598209293414, -34.62231190337484], [-58.34587268502644, -34.622279777915224], [-58.34606893205936, -34.62227175925602], [-58.3460826484714, -34.622188574210725], [-58.34599026681297, -34.622118778709016], [-58.34609807082344, -34.62201267359303], [-58.345812409097285, -34.621881933785055], [-58.345756352108886, -34.622114618844186], [-58.34571678888938, -34.62183579178359], [-58.34548549103092, -34.62152672547246], [-58.34504094440895, -34.62133805296619], [-58.34470984164492, -34.62134526468765], [-58.34434211527012, -34.62147297479711], [-58.34406346950288, -34.62176295323084], [-58.344084976075756, -34.62152907956172], [-58.34416971101719, -34.62149415755292], [-58.34427153733736, -34.62121740154071], [-58.344224334870916, -34.62084694180161], [-58.34435052103233, -34.620525351265414], [-58.344302544100856, -34.62018186301306], [-58.34405297712205, -34.619493924153545], [-58.34392442799342, -34.619349853542865], [-58.343943895227156, -34.619199591735686], [-58.34378856992695, -34.61883046679264], [-58.34286105775598, -34.6185721953105], [-58.34204952563823, -34.61849562533236], [-58.34142015229888, -34.618496307017956], [-58.34039462665553, -34.618690151386595], [-58.33983662301744, -34.61848979290983], [-58.339177512320695, -34.61850313842631], [-58.33859342720191, -34.61864336782163], [-58.33807004511606, -34.61896534584431], [-58.337519497412416, -34.62001417248539], [-58.33741769324427, -34.62092100284878], [-58.337009387488415, -34.6214922875271], [-58.33692822218436, -34.62181892080686], [-58.33697870753059, -34.622200200089424], [-58.33721667291444, -34.62252946490124], [-58.33751395108131, -34.622714619361055], [-58.33796243374806, -34.62281289390173], [-58.33952495496019, -34.6225891158411], [-58.340345535046346, -34.62266462461375], [-58.341078064868164, -34.62262371073035], [-58.341904247116894, -34.62282720703148], [-58.342016146793085, -34.62271623654979], [-58.34192111265545, -34.622356732070145], [-58.342135963349875, -34.62224681396011], [-58.34264972236134, -34.622428037751895], [-58.34303756808641, -34.6227144408106], [-58.34237750571072, -34.623377718966225], [-58.34220171289315, -34.62329120853155], [-58.34215116036262, -34.623136610160834], [-58.34189049390277, -34.62303904288859], [-58.34068802365424, -34.623028299543165], [-58.340052998369714, -34.62324135613475], [-58.33843856701386, -34.62457094040713], [-58.338213545671984, -34.62462361679749], [-58.33824078306472, -34.62470313177134], [-58.337027693970654, -34.62489012336847], [-58.33516771962465, -34.62642918110419], [-58.33515871099865, -34.6270990277743], [-58.33626185057914, -34.628028123506006], [-58.33620430212133, -34.62818317588059], [-58.336383131166194, -34.62821913754379], [-58.33643921422338, -34.62806876912976], [-58.33698547292165, -34.62822213172403], [-58.336925889915285, -34.628377795292415], [-58.33816451298454, -34.62871617359316], [-58.33822440392371, -34.62856030692284], [-58.338796589706334, -34.628724026341594], [-58.3387341659041, -34.62888176565135], [-58.338884003825555, -34.62892350186905], [-58.33895163139431, -34.62875902879142], [-58.33928395026459, -34.6288971019111], [-58.33930749504178, -34.62882885519293], [-58.3391250556552, -34.62879319251163], [-58.33923023602501, -34.628658437572234], [-58.339450986356695, -34.62861532987308], [-58.33975445734154, -34.627834157274215], [-58.340267921673856, -34.62797328274399], [-58.34055642993645, -34.62773730553732], [-58.340668546727684, -34.627833567119225], [-58.34078527501743, -34.62772087290155], [-58.34067577342607, -34.62762815392144], [-58.34107414852302, -34.62730264258708], [-58.34118803842203, -34.62739369708359], [-58.34130706657031, -34.62728601383759], [-58.341203612984444, -34.627200527137916], [-58.341601881298615, -34.62686990561096], [-58.34169846990617, -34.62694678921392], [-58.341771237571876, -34.62691224188404], [-58.34173543738653, -34.626770465473136], [-58.34212899045927, -34.62643631205249], [-58.342221186094, -34.626511363709085], [-58.34235745464682, -34.62641893409922], [-58.342258341064564, -34.62632968465819], [-58.34245139746347, -34.626173520638005], [-58.3427403194654, -34.62620231568441], [-58.3427447526082, -34.62631810358889], [-58.34290522432211, -34.62631370902054], [-58.34291727419847, -34.626225855203934], [-58.343332675272656, -34.62626859775083], [-58.34332678704221, -34.62635027844917], [-58.34344621119269, -34.62640029293703], [-58.34350142460928, -34.62629142164099], [-58.34427755070371, -34.626378637317856], [-58.344384770685856, -34.626454943253606], [-58.34382570639595, -34.62690218167186], [-58.34371660664879, -34.62681658339529], [-58.343581278009644, -34.626930908175225], [-58.34367870820672, -34.62701612464496], [-58.34333116777884, -34.62731143663276], [-58.343216631985264, -34.627218312039744], [-58.34308708042657, -34.627315970228466], [-58.34320868582986, -34.62741959891159], [-58.34282613208386, -34.627736340419126], [-58.34272379116522, -34.62765213612486], [-58.342599139008236, -34.627750490918835], [-58.34269899824602, -34.62783754584953], [-58.34232275749488, -34.62814245367646], [-58.3422089330713, -34.62804455584914], [-58.3420897634858, -34.6281505694945], [-58.34220070511503, -34.628246676156714], [-58.34181905782012, -34.62856174322459], [-58.34165005519831, -34.628513129906636], [-58.341589942941255, -34.62858151998236], [-58.34169113073696, -34.628665302201966], [-58.34140572889935, -34.628897793970914], [-58.341563569256, -34.62908350478684], [-58.34201071521003, -34.629279639857174], [-58.342038591859044, -34.62920662752151], [-58.342385618620554, -34.6293040609956], [-58.34235842304751, -34.629405396620555], [-58.34251414819408, -34.62945980994724], [-58.342550366037344, -34.62935490549456], [-58.342851824358895, -34.629435097082826], [-58.34318917955291, -34.62914339032915], [-58.34332582283825, -34.629225450134875], [-58.34340917761563, -34.62912314459112], [-58.34331985397592, -34.629046346132775], [-58.3436942329548, -34.62874881065163], [-58.34378353178776, -34.62882391595318], [-58.343916215182766, -34.62871745326664], [-58.34382393123603, -34.628638864763815], [-58.3442058140766, -34.62832561521681], [-58.34431820125673, -34.628421601476084], [-58.34440756916273, -34.62835287710266], [-58.34431376174394, -34.628219301005934], [-58.34458192964244, -34.62800329058017], [-58.345378383885944, -34.62866941572975], [-58.34705532849174, -34.62728622339437], [-58.3487642174777, -34.62868932729414], [-58.348774505598534, -34.62875799973574], [-58.348431990251875, -34.628792009949635], [-58.34844128997503, -34.628953377861194], [-58.34877966345608, -34.62892396276655], [-58.34878983592159, -34.62908795549464], [-58.348690212233265, -34.629351239000385], [-58.34848505446356, -34.62939586363308], [-58.34844483424371, -34.62986324497394], [-58.347966704990654, -34.62994161645267], [-58.34791125851745, -34.63013463139213], [-58.348271400843934, -34.63009204155963], [-58.34831523154125, -34.630277641456864], [-58.348140485720805, -34.6304230807386], [-58.347931785530314, -34.631157571954176], [-58.34784777926583, -34.63117692882484], [-58.34776042471304, -34.630911806001556], [-58.347693470236344, -34.63092934723848], [-58.34776646621883, -34.63119258065962], [-58.34757529892401, -34.63139753855066], [-58.346854896801844, -34.63151189627845], [-58.34674019282909, -34.63142838038905], [-58.34615200810572, -34.63154286024381], [-58.346103125871046, -34.63166360858981], [-58.347588152937305, -34.63207606996066], [-58.347701242812875, -34.632237182004175], [-58.3485309600809, -34.63248158343733], [-58.349068544070306, -34.632552176398356], [-58.3501496862953, -34.6323259910874], [-58.35114419263471, -34.63135986700236], [-58.352076362928045, -34.62923833513091], [-58.35238763509846, -34.629014982278306], [-58.35299393252348, -34.629165859691234], [-58.35397275743996, -34.628093404004005], [-58.36029977336375, -34.6239487989111], [-58.36035045673959, -34.62400303316989], [-58.36052450280676, -34.62389194760479], [-58.360864398350266, -34.62424271400308], [-58.36177270069494, -34.623643256692006], [-58.36191855215737, -34.62379607468305], [-58.36102407931241, -34.62439800102565], [-58.36126764071202, -34.62468892683844], [-58.35584729248603, -34.62819216145565], [-58.354893354627194, -34.629008180271214], [-58.35406870906092, -34.63011639185287], [-58.35379252944802, -34.630675219511105], [-58.35276622900298, -34.63356686204232], [-58.35351211655083, -34.63571588141785], [-58.35414355928804, -34.63652162500736], [-58.35604899174639, -34.63754218829327], [-58.356968742862364, -34.638573315179094], [-58.35803214647837, -34.63920578608744], [-58.36035911561576, -34.63919250782274], [-58.36112758674849, -34.639399218677674], [-58.36144408440404, -34.63987110613076], [-58.36090809671489, -34.64072676724534], [-58.35848645955345, -34.641558521510326], [-58.35813070810187, -34.64187269937199], [-58.357479768196754, -34.64346439503295], [-58.357327682180724, -34.64404736158589], [-58.35760360074182, -34.64498371366716], [-58.358752142180464, -34.64538474911726], [-58.35981916193726, -34.64597475388048], [-58.36088870162854, -34.64687480120044], [-58.361826891878515, -34.64784174384772], [-58.36239907199249, -34.64814933953355], [-58.36392317575567, -34.64810081588088], [-58.36433859585319, -34.648227559122326], [-58.364976151086516, -34.64879290769269], [-58.36765381444949, -34.65014168330116], [-58.36812501446394, -34.64769416815234], [-58.37023530079318, -34.63375722964888], [-58.370663234060096, -34.62949785076114], [-58.36944974577509, -34.628327418264334], [-58.36809663225007, -34.627193681217115], [-58.36795049636793, -34.62714666538916], [-58.36797657673252, -34.6251997631352], [-58.363201122687805, -34.62513957573468], [-58.35601620755281, -34.617610896798965], [-58.355145559185225, -34.61955481729848], [-58.35425512483615, -34.61946832939839], [-58.354079318004544, -34.619705660875645], [-58.3535230866013, -34.61940937356785], [-58.35309082367113, -34.61954148249532], [-58.35293614285678, -34.61975546842589], [-58.35269850298577, -34.619775295350834], [-58.352570996819516, -34.61954285426077], [-58.35221965822539, -34.61963756153665], [-58.351923270152184, -34.61962439469222], [-58.3514693332924, -34.619364231504]]]}}, {"type": "Feature", "properties": {"nombre": "Boedo", "comuna": 5, "n_hex": 4, "delitos_2025": 1804, "poblacion": 47306, "presion_visitantes": 0.375, "riesgo_manana": 0.3923, "riesgo_total_manana": 1.5692, "riesgo_robo_manana": 0.15094, "riesgo_hurto_manana": 0.14237, "riesgo_lesiones_manana": 0.02082, "riesgo_amenazas_manana": 0.02267, "riesgo_tarde": 0.43676, "riesgo_total_tarde": 1.7471, "riesgo_robo_tarde": 0.15587, "riesgo_hurto_tarde": 0.16701, "riesgo_lesiones_tarde": 0.02956, "riesgo_amenazas_tarde": 0.03055, "riesgo_noche": 0.16596, "riesgo_total_noche": 0.6638, "riesgo_robo_noche": 0.07324, "riesgo_hurto_noche": 0.06588, "riesgo_lesiones_noche": 0.0135, "riesgo_amenazas_noche": 0.01302, "riesgo_madrugada": 0.06528, "riesgo_total_madrugada": 0.2611, "riesgo_robo_madrugada": 0.03077, "riesgo_hurto_madrugada": 0.0178, "riesgo_lesiones_madrugada": 0.00746, "riesgo_amenazas_madrugada": 0.00289, "delitos_robo": 640, "delitos_hurto": 685, "delitos_lesiones": 120, "delitos_amenazas": 118, "delitos_vialidad": 240, "delitos_homicidios": 1}, "geometry": {"type": "Polygon", "coordinates": [[[-58.411782811125846, -34.63036027048347], [-58.411524050933046, -34.63286110190784], [-58.41088376935537, -34.63451281727809], [-58.41049206922788, -34.63524181008535], [-58.41051545634473, -34.63571372558299], [-58.41126390426369, -34.638103577189355], [-58.42349481677904, -34.64020460971672], [-58.42580560577983, -34.631288566164734], [-58.42779818792835, -34.622079200302956], [-58.423523858399946, -34.62149118465207], [-58.41254739310853, -34.62064696103565], [-58.41244032418157, -34.62188798772624], [-58.412359916674454, -34.62187316459169], [-58.4120454070184, -34.622979384112405], [-58.41233697069864, -34.62303746480651], [-58.412068696783834, -34.62514265841067], [-58.411782811125846, -34.63036027048347]]]}}, {"type": "Feature", "properties": {"nombre": "Caballito", "comuna": 6, "n_hex": 14, "delitos_2025": 5953, "poblacion": 176076, "presion_visitantes": 0.667, "riesgo_manana": 0.44662, "riesgo_total_manana": 6.2527, "riesgo_robo_manana": 0.18123, "riesgo_hurto_manana": 0.14606, "riesgo_lesiones_manana": 0.02223, "riesgo_amenazas_manana": 0.02247, "riesgo_tarde": 0.52723, "riesgo_total_tarde": 7.3813, "riesgo_robo_tarde": 0.1947, "riesgo_hurto_tarde": 0.18691, "riesgo_lesiones_tarde": 0.03169, "riesgo_amenazas_tarde": 0.03108, "riesgo_noche": 0.19115, "riesgo_total_noche": 2.6761, "riesgo_robo_noche": 0.09541, "riesgo_hurto_noche": 0.05962, "riesgo_lesiones_noche": 0.01254, "riesgo_amenazas_noche": 0.0134, "riesgo_madrugada": 0.0629, "riesgo_total_madrugada": 0.8806, "riesgo_robo_madrugada": 0.03369, "riesgo_hurto_madrugada": 0.0166, "riesgo_lesiones_madrugada": 0.00615, "riesgo_amenazas_madrugada": 0.00298, "delitos_robo": 2381, "delitos_hurto": 2343, "delitos_lesiones": 338, "delitos_amenazas": 363, "delitos_vialidad": 526, "delitos_homicidios": 2}, "geometry": {"type": "Polygon", "coordinates": [[[-58.429255350056906, -34.61511051469348], [-58.426758704696695, -34.62700303506082], [-58.45157819570984, -34.63064368852886], [-58.45457663154294, -34.62448464608356], [-58.459034681789504, -34.61473948113432], [-58.46270615195231, -34.60737818546292], [-58.45847564360012, -34.604497063269704], [-58.44624963503948, -34.60762073177344], [-58.44513371589389, -34.60718021194922], [-58.43920415657378, -34.605587963253505], [-58.43333687771966, -34.60267859363733], [-58.430671988778066, -34.60594640975917], [-58.43003137426665, -34.61545404367607], [-58.429255350056906, -34.61511051469348]]]}}, {"type": "Feature", "properties": {"nombre": "Chacarita", "comuna": 15, "n_hex": 7, "delitos_2025": 1661, "poblacion": 27761, "presion_visitantes": 0.958, "riesgo_manana": 0.27279, "riesgo_total_manana": 1.9095, "riesgo_robo_manana": 0.10264, "riesgo_hurto_manana": 0.0883, "riesgo_lesiones_manana": 0.01875, "riesgo_amenazas_manana": 0.01486, "riesgo_tarde": 0.33169, "riesgo_total_tarde": 2.3218, "riesgo_robo_tarde": 0.10825, "riesgo_hurto_tarde": 0.10345, "riesgo_lesiones_tarde": 0.02587, "riesgo_amenazas_tarde": 0.02246, "riesgo_noche": 0.16851, "riesgo_total_noche": 1.1796, "riesgo_robo_noche": 0.06189, "riesgo_hurto_noche": 0.04185, "riesgo_lesiones_noche": 0.01343, "riesgo_amenazas_noche": 0.00978, "riesgo_madrugada": 0.07927, "riesgo_total_madrugada": 0.5549, "riesgo_robo_madrugada": 0.03613, "riesgo_hurto_madrugada": 0.01833, "riesgo_lesiones_madrugada": 0.00836, "riesgo_amenazas_madrugada": 0.00235, "delitos_robo": 569, "delitos_hurto": 633, "delitos_lesiones": 145, "delitos_amenazas": 111, "delitos_vialidad": 203, "delitos_homicidios": 0}, "geometry": {"type": "Polygon", "coordinates": [[[-58.46052951885691, -34.57830048444562], [-58.45774560318248, -34.578443843297876], [-58.45540130883452, -34.57907626071817], [-58.45101979374113, -34.580481486818364], [-58.44828194510704, -34.58152986280973], [-58.444402238746825, -34.583197455104525], [-58.444788089964234, -34.584519157278116], [-58.43853841959034, -34.58867318165427], [-58.450602703613, -34.594404361805765], [-58.455485973134834, -34.597840116317954], [-58.45794015411769, -34.59700600985141], [-58.45927712189113, -34.596682886690694], [-58.46376937993755, -34.59643287752143], [-58.46461554099933, -34.59648399914624], [-58.46562158311472, -34.59670973743522], [-58.464383340566116, -34.592557035439725], [-58.46588118872456, -34.59121371583278], [-58.4668296389597, -34.59059866771143], [-58.46307613137424, -34.58707055876432], [-58.46187191205059, -34.58604784394367], [-58.46146554758032, -34.58583891893796], [-58.460380575719334, -34.585533343699815], [-58.46053738753947, -34.58494962257082], [-58.46052951885691, -34.57830048444562]]]}}, {"type": "Feature", "properties": {"nombre": "Coghlan", "comuna": 12, "n_hex": 3, "delitos_2025": 528, "poblacion": 18604, "presion_visitantes": 0.354, "riesgo_manana": 0.24701, "riesgo_total_manana": 0.741, "riesgo_robo_manana": 0.09597, "riesgo_hurto_manana": 0.07358, "riesgo_lesiones_manana": 0.01428, "riesgo_amenazas_manana": 0.01501, "riesgo_tarde": 0.25584, "riesgo_total_tarde": 0.7675, "riesgo_robo_tarde": 0.09483, "riesgo_hurto_tarde": 0.08989, "riesgo_lesiones_tarde": 0.02061, "riesgo_amenazas_tarde": 0.0194, "riesgo_noche": 0.09031, "riesgo_total_noche": 0.2709, "riesgo_robo_noche": 0.03422, "riesgo_hurto_noche": 0.04506, "riesgo_lesiones_noche": 0.00687, "riesgo_amenazas_noche": 0.00779, "riesgo_madrugada": 0.02888, "riesgo_total_madrugada": 0.0866, "riesgo_robo_madrugada": 0.01317, "riesgo_hurto_madrugada": 0.00878, "riesgo_lesiones_madrugada": 0.00348, "riesgo_amenazas_madrugada": 0.00147, "delitos_robo": 223, "delitos_hurto": 197, "delitos_lesiones": 37, "delitos_amenazas": 32, "delitos_vialidad": 39, "delitos_homicidios": 0}, "geometry": {"type": "Polygon", "coordinates": [[[-58.47087360351467, -34.557036526429535], [-58.46703884337077, -34.56132137710532], [-58.46768555987636, -34.561693617501696], [-58.46649186218607, -34.56219648199534], [-58.46765055842208, -34.563054352418995], [-58.47298985538144, -34.56644167936269], [-58.47459578878941, -34.56681680648164], [-58.47512490453529, -34.56622484032976], [-58.476191428604125, -34.56685530882533], [-58.47931307019033, -34.564072063591475], [-58.479056043770115, -34.563938290888], [-58.47972271923264, -34.56370221191023], [-58.48037548621606, -34.56332253736463], [-58.480226564425294, -34.56324201010736], [-58.481158790036574, -34.562505949660874], [-58.48356069364174, -34.559110690163635], [-58.47358759304927, -34.55354026114664], [-58.47087360351467, -34.557036526429535]]]}}, {"type": "Feature", "properties": {"nombre": "Colegiales", "comuna": 13, "n_hex": 4, "delitos_2025": 1564, "poblacion": 52551, "presion_visitantes": 0.542, "riesgo_manana": 0.32701, "riesgo_total_manana": 1.308, "riesgo_robo_manana": 0.13814, "riesgo_hurto_manana": 0.12132, "riesgo_lesiones_manana": 0.01682, "riesgo_amenazas_manana": 0.01556, "riesgo_tarde": 0.4064, "riesgo_total_tarde": 1.6256, "riesgo_robo_tarde": 0.15543, "riesgo_hurto_tarde": 0.15366, "riesgo_lesiones_tarde": 0.02512, "riesgo_amenazas_tarde": 0.02079, "riesgo_noche": 0.16023, "riesgo_total_noche": 0.6409, "riesgo_robo_noche": 0.07039, "riesgo_hurto_noche": 0.05938, "riesgo_lesiones_noche": 0.00949, "riesgo_amenazas_noche": 0.01046, "riesgo_madrugada": 0.07, "riesgo_total_madrugada": 0.28, "riesgo_robo_madrugada": 0.03228, "riesgo_hurto_madrugada": 0.01951, "riesgo_lesiones_madrugada": 0.00505, "riesgo_amenazas_madrugada": 0.0019, "delitos_robo": 612, "delitos_hurto": 675, "delitos_lesiones": 102, "delitos_amenazas": 68, "delitos_vialidad": 107, "delitos_homicidios": 0}, "geometry": {"type": "Polygon", "coordinates": [[[-58.44904676119445, -34.567859827048814], [-58.44364228945086, -34.570569765836325], [-58.44074720899485, -34.57211211395189], [-58.44397422558434, -34.575370125943124], [-58.441816755510914, -34.576823667235594], [-58.44089118052464, -34.57780218157721], [-58.43994155146995, -34.5785526522915], [-58.44343418819475, -34.581802697597084], [-58.44445103343923, -34.583176475673376], [-58.44828194510704, -34.58152986280973], [-58.45101979374113, -34.580481486818364], [-58.45540130883452, -34.57907626071817], [-58.45774560318248, -34.578443843297876], [-58.46022666634013, -34.578301110897925], [-58.463188835027395, -34.575111026455005], [-58.46335727075378, -34.575014325093214], [-58.457711546291065, -34.56953246678639], [-58.457630023875744, -34.569004071714076], [-58.45747703156592, -34.56911526456009], [-58.45228975065864, -34.56611435102797], [-58.44904676119445, -34.567859827048814]]]}}, {"type": "Feature", "properties": {"nombre": "Constitucion", "comuna": 1, "n_hex": 3, "delitos_2025": 3825, "poblacion": 44107, "presion_visitantes": 1.0, "riesgo_manana": 0.95571, "riesgo_total_manana": 2.8671, "riesgo_robo_manana": 0.42137, "riesgo_hurto_manana": 0.22987, "riesgo_lesiones_manana": 0.10559, "riesgo_amenazas_manana": 0.06354, "riesgo_tarde": 1.21794, "riesgo_total_tarde": 3.6538, "riesgo_robo_tarde": 0.49304, "riesgo_hurto_tarde": 0.26124, "riesgo_lesiones_tarde": 0.13771, "riesgo_amenazas_tarde": 0.08458, "riesgo_noche": 0.42165, "riesgo_total_noche": 1.265, "riesgo_robo_noche": 0.22142, "riesgo_hurto_noche": 0.07027, "riesgo_lesiones_noche": 0.06756, "riesgo_amenazas_noche": 0.04366, "riesgo_madrugada": 0.27325, "riesgo_total_madrugada": 0.8198, "riesgo_robo_madrugada": 0.1542, "riesgo_hurto_madrugada": 0.0454, "riesgo_lesiones_madrugada": 0.04248, "riesgo_amenazas_madrugada": 0.01399, "delitos_robo": 1664, "delitos_hurto": 1083, "delitos_lesiones": 390, "delitos_amenazas": 347, "delitos_vialidad": 338, "delitos_homicidios": 3}, "geometry": {"type": "Polygon", "coordinates": [[[-58.37557794412637, -34.62730591248493], [-58.377724275744605, -34.628476885513464], [-58.379049190418385, -34.629337746977214], [-58.37862612249827, -34.63050324041974], [-58.379514867131, -34.63221563157536], [-58.38009694326454, -34.632636386186185], [-58.380148089788285, -34.63303593461811], [-58.38125494654825, -34.63307428321226], [-58.381337305864974, -34.63084939427818], [-58.383396204704034, -34.632224785746125], [-58.388561248812636, -34.63371624330622], [-58.39035697026888, -34.634128602067136], [-58.391174186861434, -34.62725739800159], [-58.39143573140748, -34.6239929392602], [-58.39170141710722, -34.61816380098751], [-58.377362998907635, -34.617456857779494], [-58.37721641571186, -34.62189708963912], [-58.37707025708982, -34.62360489282597], [-58.37675553114058, -34.62511856088524], [-58.37618123559256, -34.626367390756776], [-58.37557794412637, -34.62730591248493]]]}}, {"type": "Feature", "properties": {"nombre": "Flores", "comuna": 7, "n_hex": 17, "delitos_2025": 7256, "poblacion": 164310, "presion_visitantes": 0.583, "riesgo_manana": 0.46752, "riesgo_total_manana": 7.9478, "riesgo_robo_manana": 0.19249, "riesgo_hurto_manana": 0.14951, "riesgo_lesiones_manana": 0.03589, "riesgo_amenazas_manana": 0.02637, "riesgo_tarde": 0.47323, "riesgo_total_tarde": 8.0449, "riesgo_robo_tarde": 0.19739, "riesgo_hurto_tarde": 0.13953, "riesgo_lesiones_tarde": 0.04789, "riesgo_amenazas_tarde": 0.03485, "riesgo_noche": 0.16194, "riesgo_total_noche": 2.753, "riesgo_robo_noche": 0.08351, "riesgo_hurto_noche": 0.0454, "riesgo_lesiones_noche": 0.02099, "riesgo_amenazas_noche": 0.0153, "riesgo_madrugada": 0.08761, "riesgo_total_madrugada": 1.4894, "riesgo_robo_madrugada": 0.04815, "riesgo_hurto_madrugada": 0.01741, "riesgo_lesiones_madrugada": 0.01334, "riesgo_amenazas_madrugada": 0.00422, "delitos_robo": 3128, "delitos_hurto": 2231, "delitos_lesiones": 747, "delitos_amenazas": 560, "delitos_vialidad": 581, "delitos_homicidios": 9}, "geometry": {"type": "Polygon", "coordinates": [[[-58.45157819570984, -34.63064368852886], [-58.454379774338605, -34.631505131229225], [-58.45144278520724, -34.63747134917929], [-58.44956079009405, -34.638695318125684], [-58.44424608651493, -34.642811119164534], [-58.44308008824637, -34.641782048649475], [-58.442390950323166, -34.642725814370316], [-58.43742459106528, -34.647356519034055], [-58.43492550133184, -34.64624102483316], [-58.43450482866842, -34.646679450475276], [-58.430432458920855, -34.649878374808424], [-58.436023519428716, -34.654374785250404], [-58.43800770262315, -34.65580743858055], [-58.4429536405165, -34.65190175551869], [-58.44320672978553, -34.65157876647846], [-58.44332595519617, -34.65119399460118], [-58.444408154941804, -34.65106980065697], [-58.44462216107317, -34.6509521566124], [-58.44882995498072, -34.65117920902863], [-58.45197634999113, -34.65108263970347], [-58.454637785811585, -34.65082722194171], [-58.45486204281281, -34.651994569916], [-58.455063296518226, -34.65230345885079], [-58.46040313335783, -34.65681049338793], [-58.463940058605964, -34.653961352098804], [-58.46542779937023, -34.65290062446608], [-58.46703464979254, -34.65147244740454], [-58.46388658433841, -34.647558316121575], [-58.46335859841593, -34.646832076800386], [-58.46300023686061, -34.64617448926002], [-58.465086748719706, -34.6447163428072], [-58.469243330807224, -34.64140132363981], [-58.47348469854357, -34.63179651465907], [-58.47780801107838, -34.62238921186758], [-58.46863640888795, -34.61756665932689], [-58.46453994984254, -34.61579273275089], [-58.459449971836904, -34.61389068145688], [-58.45457663154294, -34.62448464608356], [-58.45157819570984, -34.63064368852886]]]}}, {"type": "Feature", "properties": {"nombre": "Floresta", "comuna": 10, "n_hex": 3, "delitos_2025": 1619, "poblacion": 37575, "presion_visitantes": 0.479, "riesgo_manana": 0.38881, "riesgo_total_manana": 1.1664, "riesgo_robo_manana": 0.11839, "riesgo_hurto_manana": 0.16826, "riesgo_lesiones_manana": 0.03032, "riesgo_amenazas_manana": 0.02069, "riesgo_tarde": 0.39908, "riesgo_total_tarde": 1.1972, "riesgo_robo_tarde": 0.1332, "riesgo_hurto_tarde": 0.14146, "riesgo_lesiones_tarde": 0.03747, "riesgo_amenazas_tarde": 0.02849, "riesgo_noche": 0.14066, "riesgo_total_noche": 0.422, "riesgo_robo_noche": 0.05013, "riesgo_hurto_noche": 0.05795, "riesgo_lesiones_noche": 0.01721, "riesgo_amenazas_noche": 0.01558, "riesgo_madrugada": 0.06572, "riesgo_total_madrugada": 0.1972, "riesgo_robo_madrugada": 0.02787, "riesgo_hurto_madrugada": 0.01962, "riesgo_lesiones_madrugada": 0.01123, "riesgo_amenazas_madrugada": 0.00354, "delitos_robo": 538, "delitos_hurto": 671, "delitos_lesiones": 146, "delitos_amenazas": 101, "delitos_vialidad": 163, "delitos_homicidios": 0}, "geometry": {"type": "Polygon", "coordinates": [[[-58.47780801107838, -34.62238921186758], [-58.47130386272256, -34.636659753938936], [-58.473493125850155, -34.63731290611635], [-58.476073061293455, -34.63893922752052], [-58.49820080705291, -34.62137556273236], [-58.49263657824567, -34.616733449244414], [-58.4827431937344, -34.62463474854925], [-58.479376809868015, -34.62319733484265], [-58.47780801107838, -34.62238921186758]]]}}, {"type": "Feature", "properties": {"nombre": "Liniers", "comuna": 9, "n_hex": 8, "delitos_2025": 2545, "poblacion": 44132, "presion_visitantes": 0.833, "riesgo_manana": 0.29572, "riesgo_total_manana": 2.3658, "riesgo_robo_manana": 0.10282, "riesgo_hurto_manana": 0.10528, "riesgo_lesiones_manana": 0.01872, "riesgo_amenazas_manana": 0.0142, "riesgo_tarde": 0.32868, "riesgo_total_tarde": 2.6295, "riesgo_robo_tarde": 0.11875, "riesgo_hurto_tarde": 0.10532, "riesgo_lesiones_tarde": 0.02505, "riesgo_amenazas_tarde": 0.02112, "riesgo_noche": 0.10361, "riesgo_total_noche": 0.8289, "riesgo_robo_noche": 0.03913, "riesgo_hurto_noche": 0.03726, "riesgo_lesiones_noche": 0.0118, "riesgo_amenazas_noche": 0.00932, "riesgo_madrugada": 0.05369, "riesgo_total_madrugada": 0.4295, "riesgo_robo_madrugada": 0.02349, "riesgo_hurto_madrugada": 0.01326, "riesgo_lesiones_madrugada": 0.00715, "riesgo_amenazas_madrugada": 0.00226, "delitos_robo": 950, "delitos_hurto": 964, "delitos_lesiones": 200, "delitos_amenazas": 148, "delitos_vialidad": 282, "delitos_homicidios": 1}, "geometry": {"type": "Polygon", "coordinates": [[[-58.513322146500286, -34.63366972917707], [-58.50882986433573, -34.63555819755925], [-58.50765103216557, -34.635895889023416], [-58.506961156796464, -34.63589571517499], [-58.50681882923088, -34.635817173289944], [-58.50567176664867, -34.63672260169123], [-58.5105089194381, -34.63737563432314], [-58.50982153516652, -34.640013005499306], [-58.50229906905261, -34.645822663501455], [-58.52492099517541, -34.6563824184352], [-58.52577214093456, -34.65689616532523], [-58.52920705002191, -34.65430347405725], [-58.5303575257912, -34.63480022662671], [-58.52820521323532, -34.634847236168326], [-58.524299104116515, -34.63447558603445], [-58.52233611324916, -34.63401780182501], [-58.52068660950892, -34.63382592736448], [-58.520813210758384, -34.63340456779643], [-58.52074658179306, -34.63322429318182], [-58.520239890158365, -34.63280211033947], [-58.520172983538586, -34.632917155213484], [-58.51974561069824, -34.63298860899282], [-58.51708853355127, -34.63301908324975], [-58.514863194735256, -34.63320792677432], [-58.513322146500286, -34.63366972917707]]]}}, {"type": "Feature", "properties": {"nombre": "Mataderos", "comuna": 9, "n_hex": 15, "delitos_2025": 2995, "poblacion": 64436, "presion_visitantes": 0.021, "riesgo_manana": 0.21367, "riesgo_total_manana": 3.205, "riesgo_robo_manana": 0.0762, "riesgo_hurto_manana": 0.08031, "riesgo_lesiones_manana": 0.01195, "riesgo_amenazas_manana": 0.01404, "riesgo_tarde": 0.21706, "riesgo_total_tarde": 3.2559, "riesgo_robo_tarde": 0.07287, "riesgo_hurto_tarde": 0.07712, "riesgo_lesiones_tarde": 0.01793, "riesgo_amenazas_tarde": 0.02129, "riesgo_noche": 0.07244, "riesgo_total_noche": 1.0867, "riesgo_robo_noche": 0.02742, "riesgo_hurto_noche": 0.03495, "riesgo_lesiones_noche": 0.00778, "riesgo_amenazas_noche": 0.00822, "riesgo_madrugada": 0.03891, "riesgo_total_madrugada": 0.5836, "riesgo_robo_madrugada": 0.02013, "riesgo_hurto_madrugada": 0.01202, "riesgo_lesiones_madrugada": 0.00354, "riesgo_amenazas_madrugada": 0.00205, "delitos_robo": 1033, "delitos_hurto": 1164, "delitos_lesiones": 214, "delitos_amenazas": 264, "delitos_vialidad": 318, "delitos_homicidios": 2}, "geometry": {"type": "Polygon", "coordinates": [[[-58.497137425921906, -34.64341397409882], [-58.478818293732544, -34.65784856050759], [-58.485945451344016, -34.66245218909218], [-58.48895242145444, -34.663352443245614], [-58.4917615554893, -34.66601148082468], [-58.49360839696026, -34.66796625620081], [-58.495872835698606, -34.670199554601616], [-58.497039525153696, -34.67118424077124], [-58.49912702067697, -34.67263991821396], [-58.50252527504022, -34.674512432484036], [-58.52577214093456, -34.65689616532523], [-58.52492099517541, -34.6563824184352], [-58.497137425921906, -34.64341397409882]]]}}, {"type": "Feature", "properties": {"nombre": "Monserrat", "comuna": 1, "n_hex": 6, "delitos_2025": 3724, "poblacion": 39914, "presion_visitantes": 0.938, "riesgo_manana": 0.72408, "riesgo_total_manana": 4.3445, "riesgo_robo_manana": 0.25667, "riesgo_hurto_manana": 0.3051, "riesgo_lesiones_manana": 0.0465, "riesgo_amenazas_manana": 0.03288, "riesgo_tarde": 1.01842, "riesgo_total_tarde": 6.1105, "riesgo_robo_tarde": 0.33807, "riesgo_hurto_tarde": 0.38649, "riesgo_lesiones_tarde": 0.06096, "riesgo_amenazas_tarde": 0.04504, "riesgo_noche": 0.28343, "riesgo_total_noche": 1.7006, "riesgo_robo_noche": 0.13209, "riesgo_hurto_noche": 0.09212, "riesgo_lesiones_noche": 0.02541, "riesgo_amenazas_noche": 0.02006, "riesgo_madrugada": 0.1684, "riesgo_total_madrugada": 1.0104, "riesgo_robo_madrugada": 0.08688, "riesgo_hurto_madrugada": 0.03924, "riesgo_lesiones_madrugada": 0.01955, "riesgo_amenazas_madrugada": 0.00554, "delitos_robo": 1528, "delitos_hurto": 1434, "delitos_lesiones": 253, "delitos_amenazas": 178, "delitos_vialidad": 326, "delitos_homicidios": 5}, "geometry": {"type": "Polygon", "coordinates": [[[-58.36773150092235, -34.60690584043083], [-58.36673996253526, -34.61562966421397], [-58.370349877379944, -34.61586621611515], [-58.371719352299316, -34.61602998785851], [-58.374342615908866, -34.6160833377808], [-58.3774303789714, -34.61629801759972], [-58.377362998907635, -34.617456857779494], [-58.39170141710722, -34.61816380098751], [-58.391673053569946, -34.615185225656745], [-58.3917900359257, -34.61167327619789], [-58.39195611909355, -34.60929693279127], [-58.381797375369075, -34.60844724788217], [-58.373520523891806, -34.60794164256774], [-58.37351881088785, -34.60803002292504], [-58.371555736213665, -34.60788906318605], [-58.37109340925513, -34.6077906328546], [-58.37030906518711, -34.60719556486478], [-58.37019587894979, -34.606578638817204], [-58.36944423760476, -34.60650672356935], [-58.36925625068211, -34.6065943267529], [-58.36922517357386, -34.606742265657964], [-58.36815369633645, -34.60696896158606], [-58.36773150092235, -34.60690584043083]]]}}, {"type": "Feature", "properties": {"nombre": "Monte Castro", "comuna": 10, "n_hex": 5, "delitos_2025": 1030, "poblacion": 33623, "presion_visitantes": 0.125, "riesgo_manana": 0.21664, "riesgo_total_manana": 1.0832, "riesgo_robo_manana": 0.06872, "riesgo_hurto_manana": 0.0911, "riesgo_lesiones_manana": 0.0109, "riesgo_amenazas_manana": 0.01551, "riesgo_tarde": 0.22018, "riesgo_total_tarde": 1.1009, "riesgo_robo_tarde": 0.07209, "riesgo_hurto_tarde": 0.09624, "riesgo_lesiones_tarde": 0.01549, "riesgo_amenazas_tarde": 0.02215, "riesgo_noche": 0.09155, "riesgo_total_noche": 0.4578, "riesgo_robo_noche": 0.0328, "riesgo_hurto_noche": 0.04018, "riesgo_lesiones_noche": 0.00598, "riesgo_amenazas_noche": 0.01055, "riesgo_madrugada": 0.03175, "riesgo_total_madrugada": 0.1588, "riesgo_robo_madrugada": 0.01541, "riesgo_hurto_madrugada": 0.0104, "riesgo_lesiones_madrugada": 0.00219, "riesgo_amenazas_madrugada": 0.00228, "delitos_robo": 297, "delitos_hurto": 488, "delitos_lesiones": 67, "delitos_amenazas": 85, "delitos_vialidad": 92, "delitos_homicidios": 1}, "geometry": {"type": "Polygon", "coordinates": [[[-58.49557308272516, -34.61439626909074], [-58.49263657824567, -34.616733449244414], [-58.49820080705291, -34.62137556273236], [-58.503491746398566, -34.62403741662014], [-58.507293237509266, -34.62759931332896], [-58.511650888646365, -34.62428368328802], [-58.51638139211022, -34.628455283944646], [-58.521635611223, -34.624410163269395], [-58.513046049005155, -34.616736904702016], [-58.500192416685685, -34.60913108464406], [-58.49557308272516, -34.61439626909074]]]}}, {"type": "Feature", "properties": {"nombre": "Nueva Pompeya", "comuna": 4, "n_hex": 10, "delitos_2025": 2805, "poblacion": 42695, "presion_visitantes": 0.75, "riesgo_manana": 0.30814, "riesgo_total_manana": 3.0814, "riesgo_robo_manana": 0.12829, "riesgo_hurto_manana": 0.08802, "riesgo_lesiones_manana": 0.02297, "riesgo_amenazas_manana": 0.02022, "riesgo_tarde": 0.31242, "riesgo_total_tarde": 3.1242, "riesgo_robo_tarde": 0.12248, "riesgo_hurto_tarde": 0.08326, "riesgo_lesiones_tarde": 0.03313, "riesgo_amenazas_tarde": 0.02744, "riesgo_noche": 0.11424, "riesgo_total_noche": 1.1424, "riesgo_robo_noche": 0.05202, "riesgo_hurto_noche": 0.03392, "riesgo_lesiones_noche": 0.01363, "riesgo_amenazas_noche": 0.01246, "riesgo_madrugada": 0.07401, "riesgo_total_madrugada": 0.7401, "riesgo_robo_madrugada": 0.03864, "riesgo_hurto_madrugada": 0.0142, "riesgo_lesiones_madrugada": 0.01019, "riesgo_amenazas_madrugada": 0.00311, "delitos_robo": 1112, "delitos_hurto": 885, "delitos_lesiones": 263, "delitos_amenazas": 230, "delitos_vialidad": 313, "delitos_homicidios": 2}, "geometry": {"type": "Polygon", "coordinates": [[[-58.40274972478354, -34.64706430695481], [-58.40455792625404, -34.649419575132036], [-58.405048640988014, -34.64980220067825], [-58.404430155034795, -34.65087500920272], [-58.40417057932397, -34.6514833385528], [-58.40274911353869, -34.655876754705545], [-58.40105418791292, -34.659994408877715], [-58.40187759454251, -34.65960847095894], [-58.403082902518335, -34.659350339483666], [-58.4041676733766, -34.65944751996289], [-58.40542889255607, -34.659677718734535], [-58.40640529916394, -34.660008047818934], [-58.407232234297105, -34.6600048531827], [-58.40764936362008, -34.65982998258415], [-58.40836946508142, -34.65983150440912], [-58.409249447558814, -34.65947510290109], [-58.41013200075018, -34.65889074846985], [-58.41046278014047, -34.658875374426835], [-58.41119224137499, -34.65856745356647], [-58.41174556009157, -34.65855157420882], [-58.41236289215352, -34.658385949214335], [-58.41325190580218, -34.65841868172954], [-58.414558284750264, -34.658611743014845], [-58.415957199152, -34.659069400182396], [-58.41639876755241, -34.65913038831439], [-58.416891616228234, -34.65937831600569], [-58.41770831737229, -34.65960281379519], [-58.41790175214055, -34.65950748667189], [-58.418101381537966, -34.65968554224041], [-58.420026974944314, -34.66017063344226], [-58.421849549928275, -34.6608611841811], [-58.42404389143818, -34.6620516470974], [-58.42674830161659, -34.658677947377946], [-58.43443587935198, -34.653117109717876], [-58.430432458920855, -34.649878374808424], [-58.434504828668395, -34.646679450475276], [-58.43492550133184, -34.64624102483313], [-58.43262063815402, -34.64522017690079], [-58.43211007402147, -34.64516786352747], [-58.43234695414734, -34.64174550061151], [-58.43092623623345, -34.641448862356704], [-58.41126390426368, -34.63810357718933], [-58.41175810274256, -34.63945386936044], [-58.41343978153421, -34.64345932189875], [-58.41334254776815, -34.64347745104511], [-58.412103892117266, -34.64858686823118], [-58.40274972478354, -34.64706430695481]]]}}, {"type": "Feature", "properties": {"nombre": "Nu\u00f1ez", "comuna": 13, "n_hex": 8, "delitos_2025": 1935, "poblacion": 51949, "presion_visitantes": 0.396, "riesgo_manana": 0.18759, "riesgo_total_manana": 1.5007, "riesgo_robo_manana": 0.06972, "riesgo_hurto_manana": 0.06806, "riesgo_lesiones_manana": 0.01049, "riesgo_amenazas_manana": 0.00996, "riesgo_tarde": 0.25745, "riesgo_total_tarde": 2.0596, "riesgo_robo_tarde": 0.09176, "riesgo_hurto_tarde": 0.10006, "riesgo_lesiones_tarde": 0.01459, "riesgo_amenazas_tarde": 0.01275, "riesgo_noche": 0.09904, "riesgo_total_noche": 0.7923, "riesgo_robo_noche": 0.03378, "riesgo_hurto_noche": 0.03645, "riesgo_lesiones_noche": 0.00553, "riesgo_amenazas_noche": 0.00585, "riesgo_madrugada": 0.02792, "riesgo_total_madrugada": 0.2234, "riesgo_robo_madrugada": 0.01267, "riesgo_hurto_madrugada": 0.00886, "riesgo_lesiones_madrugada": 0.00406, "riesgo_amenazas_madrugada": 0.00121, "delitos_robo": 683, "delitos_hurto": 776, "delitos_lesiones": 124, "delitos_amenazas": 114, "delitos_vialidad": 236, "delitos_homicidios": 2}, "geometry": {"type": "Polygon", "coordinates": [[[-58.455558958383456, -34.52745140511188], [-58.45404996228834, -34.52930531075897], [-58.45195093067193, -34.53002073233169], [-58.45169198036715, -34.53035283059303], [-58.45171998987577, -34.53063138767528], [-58.45451982873735, -34.53475162577327], [-58.45496648619892, -34.53527636720969], [-58.45884718742898, -34.537127938593386], [-58.458717967963096, -34.53721685376504], [-58.45944479730046, -34.53780552914966], [-58.45828635090432, -34.538604380921726], [-58.45474932991871, -34.54033260908041], [-58.452583778398854, -34.54097886276194], [-58.45170894058859, -34.541325905101395], [-58.44927718554516, -34.54265892258678], [-58.4521263973128, -34.54629085569269], [-58.45412346169102, -34.54899122858818], [-58.45415975850297, -34.549411029992044], [-58.45339553634792, -34.550059225647416], [-58.45300863878128, -34.5505104719913], [-58.46918578969931, -34.55893483100514], [-58.47087360351467, -34.557036526429535], [-58.47443734115173, -34.55242741425036], [-58.46819097058801, -34.54894654457668], [-58.47043250710375, -34.54607263202276], [-58.475954554668476, -34.53863739298881], [-58.46379760134568, -34.53326775010111], [-58.46107289342538, -34.53013796743443], [-58.46049761486628, -34.529085369438526], [-58.45950666937961, -34.52783738241708], [-58.45947505632855, -34.52745576326602], [-58.45929878847121, -34.52720641395445], [-58.45862476200739, -34.526709704738195], [-58.45819657844101, -34.52656156766544], [-58.45761856629678, -34.5264980379644], [-58.456719458022626, -34.52674828843891], [-58.455558958383456, -34.52745140511188]]]}}, {"type": "Feature", "properties": {"nombre": "Palermo", "comuna": 14, "n_hex": 31, "delitos_2025": 10607, "poblacion": 226534, "presion_visitantes": 0.854, "riesgo_manana": 0.28485, "riesgo_total_manana": 8.8303, "riesgo_robo_manana": 0.10706, "riesgo_hurto_manana": 0.10317, "riesgo_lesiones_manana": 0.01564, "riesgo_amenazas_manana": 0.01148, "riesgo_tarde": 0.39547, "riesgo_total_tarde": 12.2594, "riesgo_robo_tarde": 0.13969, "riesgo_hurto_tarde": 0.16716, "riesgo_lesiones_tarde": 0.02004, "riesgo_amenazas_tarde": 0.01587, "riesgo_noche": 0.13367, "riesgo_total_noche": 4.1437, "riesgo_robo_noche": 0.05794, "riesgo_hurto_noche": 0.05857, "riesgo_lesiones_noche": 0.00854, "riesgo_amenazas_noche": 0.00736, "riesgo_madrugada": 0.10415, "riesgo_total_madrugada": 3.2285, "riesgo_robo_madrugada": 0.03707, "riesgo_hurto_madrugada": 0.03645, "riesgo_lesiones_madrugada": 0.00708, "riesgo_amenazas_madrugada": 0.00206, "delitos_robo": 3879, "delitos_hurto": 4837, "delitos_lesiones": 571, "delitos_amenazas": 514, "delitos_vialidad": 803, "delitos_homicidios": 3}, "geometry": {"type": "Polygon", "coordinates": [[[-58.39865464064717, -34.567364020855976], [-58.400190826728426, -34.56901765878398], [-58.39992623801226, -34.569187162138874], [-58.397411755019775, -34.56663039236553], [-58.39715494193151, -34.566616913261896], [-58.396541857572444, -34.56688007211733], [-58.39575158241312, -34.56779240988887], [-58.39579929236577, -34.56781377666412], [-58.39524770359259, -34.56862409487589], [-58.395212081415536, -34.5689622579415], [-58.394919878835836, -34.569257663466075], [-58.394736486470336, -34.56915835045919], [-58.39456645369645, -34.56923459487597], [-58.392844035532704, -34.57223854015185], [-58.39482489558856, -34.572315065434594], [-58.39521040516281, -34.57219633516644], [-58.39934418719556, -34.569875777642594], [-58.4001310817211, -34.56935463624212], [-58.3997022573878, -34.570023478706126], [-58.399634041448884, -34.57040908342116], [-58.39972018078614, -34.57081264566095], [-58.40203200094389, -34.57352293352119], [-58.402650681613316, -34.574146009020055], [-58.401656336739215, -34.575323111404266], [-58.40114888534915, -34.57574233895357], [-58.399944927450534, -34.576495369692026], [-58.39858627930136, -34.577177208383134], [-58.39656419598135, -34.578512233282034], [-58.398113720474804, -34.58070759154796], [-58.39936593960408, -34.58272047345798], [-58.39927933340058, -34.58273585143911], [-58.40054799256822, -34.584477245354066], [-58.40113089032275, -34.583947252663485], [-58.401947330422416, -34.58343181108031], [-58.40617642820399, -34.58346470960735], [-58.41008489098123, -34.589062491173905], [-58.414397287745764, -34.59405930920153], [-58.41600403600113, -34.597859933549024], [-58.42337046439579, -34.59775309579909], [-58.42695332660271, -34.596215770667236], [-58.429351798650025, -34.59475073487385], [-58.444788089964234, -34.584519157278116], [-58.444402238746825, -34.583197455104525], [-58.44445103343923, -34.583176475673376], [-58.44343418819475, -34.581802697597084], [-58.43994155146995, -34.5785526522915], [-58.44089118052464, -34.57780218157721], [-58.441816755510914, -34.576823667235594], [-58.44397422558434, -34.575370125943124], [-58.44074720899485, -34.57211211395189], [-58.44364228945086, -34.570569765836325], [-58.44904676119445, -34.567859827048814], [-58.44785691346942, -34.56671888363027], [-58.44262451863038, -34.563632269365975], [-58.44253792836607, -34.5636951427871], [-58.44116517463695, -34.56214001582999], [-58.438435805905556, -34.56248159593368], [-58.436430168109744, -34.562583803062644], [-58.435405433619195, -34.562543094594], [-58.434861490176466, -34.56209525140676], [-58.434960847039065, -34.56179829631029], [-58.43655308016808, -34.56193464408221], [-58.43798307694817, -34.56176290332876], [-58.43924358388997, -34.56129216198463], [-58.44033066344391, -34.560562003501744], [-58.44096101122446, -34.55991985273797], [-58.44138828018455, -34.55882208848241], [-58.44106131376859, -34.55790250180212], [-58.44016179630621, -34.557110204081724], [-58.43881459168942, -34.55651119512737], [-58.43770175306095, -34.55615349440089], [-58.43598521801039, -34.55486569871285], [-58.43411372952909, -34.5539635506837], [-58.43465660855799, -34.55359987138236], [-58.434633385043654, -34.55331621675238], [-58.4344261987988, -34.55305621010804], [-58.43168355732801, -34.55142047811737], [-58.43098714459271, -34.55112501627761], [-58.42976220444776, -34.55094233574065], [-58.429401564156706, -34.55095644628778], [-58.426761606207826, -34.55203002024557], [-58.4265005421999, -34.55180954354172], [-58.426081008448016, -34.55196746796463], [-58.42602010589908, -34.55185829178647], [-58.425668022697465, -34.55197218736329], [-58.424323232237285, -34.549364839056665], [-58.42473112308554, -34.54910598922469], [-58.42472319775072, -34.54902163720871], [-58.42418071379557, -34.54927451314631], [-58.425704542147976, -34.55216363570151], [-58.42288697804703, -34.5530243859248], [-58.42283328328588, -34.552876050549], [-58.42231795861908, -34.55298916851394], [-58.422379282509866, -34.55313703792715], [-58.42040353560577, -34.55361714220687], [-58.41813707494871, -34.55391773792604], [-58.416077928503086, -34.55432900290282], [-58.41595928518177, -34.55421945485207], [-58.41587186701431, -34.55438649630261], [-58.414182408561246, -34.55488592554819], [-58.414055575661855, -34.55478427457651], [-58.41405139587492, -34.554931028274616], [-58.41258699454617, -34.55552083695869], [-58.411180473334376, -34.556252892534054], [-58.41108357194754, -34.55629236218451], [-58.41094240325543, -34.55620763518065], [-58.41097437264238, -34.556360048669596], [-58.41017047975179, -34.556735364757614], [-58.40982446707337, -34.556573541637256], [-58.4095669480299, -34.556604879424484], [-58.409389792301674, -34.55685581860023], [-58.409482144445825, -34.557104304829586], [-58.409435791979014, -34.55713952754788], [-58.40952571267121, -34.55721823816359], [-58.409329045592386, -34.55761183271796], [-58.409252988256554, -34.558119798212836], [-58.409066027072015, -34.55815964967938], [-58.40922561196577, -34.55825341807971], [-58.40921045859479, -34.558475802083706], [-58.40897562350599, -34.55869357297782], [-58.40878320133662, -34.5587358204612], [-58.406592845437274, -34.56102859365857], [-58.40482368941713, -34.562666825442975], [-58.40475651667457, -34.56292781160494], [-58.404432050536215, -34.5628274041791], [-58.40391075999524, -34.563484736075736], [-58.40366929349583, -34.5633532334679], [-58.403737133327084, -34.56326376201774], [-58.40340052621344, -34.56307862343556], [-58.403328000741425, -34.56316966088391], [-58.398789758489, -34.56075319053227], [-58.398695647466596, -34.56092009336874], [-58.39883281724119, -34.56099171673532], [-58.398880142690885, -34.560932592708475], [-58.40328960780808, -34.56321809646609], [-58.4032228803758, -34.563307109388674], [-58.40356419254642, -34.563492943052886], [-58.40363619438738, -34.56340279131663], [-58.403936053308804, -34.56356643305699], [-58.40338122284385, -34.56388023113579], [-58.402605003947706, -34.56396129888846], [-58.402163243706234, -34.563871161043664], [-58.401598297684465, -34.563481798073205], [-58.40111744027096, -34.563338177498586], [-58.4009433305612, -34.56341850055363], [-58.400876340649575, -34.56355775222872], [-58.400958091763016, -34.56372665395184], [-58.40089578782794, -34.56376859890344], [-58.40110581234354, -34.56404145105726], [-58.40089375385157, -34.56425241843173], [-58.400713525195606, -34.564305989054326], [-58.40033464296819, -34.56399454748351], [-58.399813103429786, -34.56372016132618], [-58.399516808935424, -34.56361888201507], [-58.39921117582483, -34.56366546818596], [-58.39850286621569, -34.563982780837335], [-58.39787624229934, -34.56453863557888], [-58.39737894362132, -34.56487418046316], [-58.39703979420499, -34.56500660495255], [-58.39684012852724, -34.56520683957503], [-58.396750855306934, -34.565561225899714], [-58.39694661912953, -34.56591908735736], [-58.397503476426955, -34.566241078433], [-58.39768943566337, -34.56654782515557], [-58.39865464064717, -34.567364020855976]]]}}, {"type": "Feature", "properties": {"nombre": "Parque Avellaneda", "comuna": 9, "n_hex": 9, "delitos_2025": 1815, "poblacion": 53229, "presion_visitantes": 0.208, "riesgo_manana": 0.21403, "riesgo_total_manana": 1.9263, "riesgo_robo_manana": 0.07908, "riesgo_hurto_manana": 0.07369, "riesgo_lesiones_manana": 0.01687, "riesgo_amenazas_manana": 0.01673, "riesgo_tarde": 0.23093, "riesgo_total_tarde": 2.0784, "riesgo_robo_tarde": 0.08903, "riesgo_hurto_tarde": 0.0724, "riesgo_lesiones_tarde": 0.02535, "riesgo_amenazas_tarde": 0.02298, "riesgo_noche": 0.08061, "riesgo_total_noche": 0.7255, "riesgo_robo_noche": 0.03499, "riesgo_hurto_noche": 0.03361, "riesgo_lesiones_noche": 0.00995, "riesgo_amenazas_noche": 0.00979, "riesgo_madrugada": 0.04241, "riesgo_total_madrugada": 0.3817, "riesgo_robo_madrugada": 0.02185, "riesgo_hurto_madrugada": 0.01057, "riesgo_lesiones_madrugada": 0.00549, "riesgo_amenazas_madrugada": 0.0026, "delitos_robo": 687, "delitos_hurto": 597, "delitos_lesiones": 196, "delitos_amenazas": 136, "delitos_vialidad": 199, "delitos_homicidios": 0}, "geometry": {"type": "Polygon", "coordinates": [[[-58.46040313335783, -34.65681049338793], [-58.46158151873423, -34.65788256463881], [-58.46443135241803, -34.66005337230465], [-58.46765625455309, -34.65751952387692], [-58.46955682463585, -34.65910942700471], [-58.47057138882731, -34.658430914433694], [-58.47251602641475, -34.66277676243772], [-58.47421668629245, -34.66150351730595], [-58.49530206457031, -34.644852439732254], [-58.47854619256344, -34.63699885547771], [-58.476073061293455, -34.63893922752052], [-58.473493125850155, -34.63731290611635], [-58.47130386272256, -34.636659753938936], [-58.469243330807224, -34.64140132363981], [-58.465086748719706, -34.6447163428072], [-58.46300023686061, -34.64617448926002], [-58.46335859841593, -34.646832076800386], [-58.46388658433841, -34.647558316121575], [-58.46703464979254, -34.65147244740454], [-58.46542779937023, -34.65290062446608], [-58.463940058605964, -34.653961352098804], [-58.46040313335783, -34.65681049338793]]]}}, {"type": "Feature", "properties": {"nombre": "Parque Chacabuco", "comuna": 7, "n_hex": 8, "delitos_2025": 2954, "poblacion": 56281, "presion_visitantes": 0.417, "riesgo_manana": 0.40749, "riesgo_total_manana": 3.2599, "riesgo_robo_manana": 0.20889, "riesgo_hurto_manana": 0.10032, "riesgo_lesiones_manana": 0.01665, "riesgo_amenazas_manana": 0.01531, "riesgo_tarde": 0.36019, "riesgo_total_tarde": 2.8816, "riesgo_robo_tarde": 0.16183, "riesgo_hurto_tarde": 0.11388, "riesgo_lesiones_tarde": 0.02305, "riesgo_amenazas_tarde": 0.02281, "riesgo_noche": 0.14298, "riesgo_total_noche": 1.1438, "riesgo_robo_noche": 0.08426, "riesgo_hurto_noche": 0.04676, "riesgo_lesiones_noche": 0.01005, "riesgo_amenazas_noche": 0.01021, "riesgo_madrugada": 0.07535, "riesgo_total_madrugada": 0.6028, "riesgo_robo_madrugada": 0.04849, "riesgo_hurto_madrugada": 0.01352, "riesgo_lesiones_madrugada": 0.00532, "riesgo_amenazas_madrugada": 0.00234, "delitos_robo": 1505, "delitos_hurto": 864, "delitos_lesiones": 161, "delitos_amenazas": 173, "delitos_vialidad": 248, "delitos_homicidios": 3}, "geometry": {"type": "Polygon", "coordinates": [[[-58.42349481677904, -34.64020460971672], [-58.43234695414734, -34.64174550061151], [-58.432110074021494, -34.645167863527476], [-58.43262063815403, -34.64522017690079], [-58.43742459106528, -34.647356519034055], [-58.442390950323166, -34.642725814370316], [-58.44308008824637, -34.641782048649475], [-58.44424608651493, -34.642811119164534], [-58.44956079009405, -34.638695318125684], [-58.45144278520724, -34.63747134917929], [-58.454379774338605, -34.631505131229225], [-58.45157819570984, -34.63064368852886], [-58.426758704696695, -34.62700303506082], [-58.42580560577983, -34.631288566164734], [-58.42349481677904, -34.64020460971672]]]}}, {"type": "Feature", "properties": {"nombre": "Parque Chas", "comuna": 15, "n_hex": 3, "delitos_2025": 470, "poblacion": 17489, "presion_visitantes": 0.604, "riesgo_manana": 0.22474, "riesgo_total_manana": 0.6742, "riesgo_robo_manana": 0.06778, "riesgo_hurto_manana": 0.0851, "riesgo_lesiones_manana": 0.00985, "riesgo_amenazas_manana": 0.01257, "riesgo_tarde": 0.23849, "riesgo_total_tarde": 0.7155, "riesgo_robo_tarde": 0.0727, "riesgo_hurto_tarde": 0.09628, "riesgo_lesiones_tarde": 0.0146, "riesgo_amenazas_tarde": 0.01936, "riesgo_noche": 0.07218, "riesgo_total_noche": 0.2165, "riesgo_robo_noche": 0.02583, "riesgo_hurto_noche": 0.03822, "riesgo_lesiones_noche": 0.00612, "riesgo_amenazas_noche": 0.00792, "riesgo_madrugada": 0.03128, "riesgo_total_madrugada": 0.0938, "riesgo_robo_madrugada": 0.0133, "riesgo_hurto_madrugada": 0.00981, "riesgo_lesiones_madrugada": 0.00318, "riesgo_amenazas_madrugada": 0.00217, "delitos_robo": 135, "delitos_hurto": 228, "delitos_lesiones": 30, "delitos_amenazas": 29, "delitos_vialidad": 47, "delitos_homicidios": 1}, "geometry": {"type": "Polygon", "coordinates": [[[-58.470816590465546, -34.587450980992124], [-58.47572522993756, -34.59131314699012], [-58.475890169642184, -34.591729162392305], [-58.481289265332336, -34.590305464925294], [-58.48471116308242, -34.58912468077005], [-58.48879415727158, -34.58482403134742], [-58.4789890918047, -34.579130861790425], [-58.475425280413276, -34.57996417063962], [-58.473996177957986, -34.58163278669956], [-58.47357199750379, -34.58177078266166], [-58.473649006334014, -34.58206733152368], [-58.470816590465546, -34.587450980992124]]]}}, {"type": "Feature", "properties": {"nombre": "Parque Patricios", "comuna": 4, "n_hex": 7, "delitos_2025": 2382, "poblacion": 40985, "presion_visitantes": 0.729, "riesgo_manana": 0.32516, "riesgo_total_manana": 2.2761, "riesgo_robo_manana": 0.13171, "riesgo_hurto_manana": 0.10291, "riesgo_lesiones_manana": 0.02686, "riesgo_amenazas_manana": 0.024, "riesgo_tarde": 0.37656, "riesgo_total_tarde": 2.636, "riesgo_robo_tarde": 0.14403, "riesgo_hurto_tarde": 0.10863, "riesgo_lesiones_tarde": 0.0373, "riesgo_amenazas_tarde": 0.03456, "riesgo_noche": 0.13407, "riesgo_total_noche": 0.9385, "riesgo_robo_noche": 0.04727, "riesgo_hurto_noche": 0.04038, "riesgo_lesiones_noche": 0.01708, "riesgo_amenazas_noche": 0.01467, "riesgo_madrugada": 0.05749, "riesgo_total_madrugada": 0.4025, "riesgo_robo_madrugada": 0.02855, "riesgo_hurto_madrugada": 0.01374, "riesgo_lesiones_madrugada": 0.00896, "riesgo_amenazas_madrugada": 0.00322, "delitos_robo": 886, "delitos_hurto": 873, "delitos_lesiones": 239, "delitos_amenazas": 222, "delitos_vialidad": 162, "delitos_homicidios": 0}, "geometry": {"type": "Polygon", "coordinates": [[[-58.39035697026888, -34.634128602067136], [-58.38988582697721, -34.64020957225905], [-58.3914754867334, -34.64083059494043], [-58.39140444474249, -34.64209028207305], [-58.40049628278122, -34.645922446757915], [-58.40033647746207, -34.646362722930554], [-58.40060635289558, -34.64655691147244], [-58.40108756192721, -34.64673503691882], [-58.40154538658591, -34.64678701627533], [-58.40152784429683, -34.64686234498235], [-58.412103892117266, -34.648586868231185], [-58.41334254776815, -34.64347745104511], [-58.41343978153421, -34.64345932189875], [-58.41137011399691, -34.63843961110772], [-58.41051545634473, -34.63571372558299], [-58.41049206922788, -34.63524181008535], [-58.41088376935537, -34.63451281727809], [-58.411524050933046, -34.63286110190784], [-58.411782811125846, -34.63036027048347], [-58.40836812467837, -34.6295203914632], [-58.398598161218764, -34.628410376997714], [-58.39216377407576, -34.62726797946864], [-58.391174186861434, -34.62725739800159], [-58.39035697026888, -34.634128602067136]]]}}, {"type": "Feature", "properties": {"nombre": "Paternal", "comuna": 15, "n_hex": 5, "delitos_2025": 890, "poblacion": 19717, "presion_visitantes": 0.5, "riesgo_manana": 0.21058, "riesgo_total_manana": 1.0529, "riesgo_robo_manana": 0.07096, "riesgo_hurto_manana": 0.06092, "riesgo_lesiones_manana": 0.01615, "riesgo_amenazas_manana": 0.01453, "riesgo_tarde": 0.21167, "riesgo_total_tarde": 1.0584, "riesgo_robo_tarde": 0.06643, "riesgo_hurto_tarde": 0.0629, "riesgo_lesiones_tarde": 0.02189, "riesgo_amenazas_tarde": 0.01967, "riesgo_noche": 0.07436, "riesgo_total_noche": 0.3718, "riesgo_robo_noche": 0.02947, "riesgo_hurto_noche": 0.02402, "riesgo_lesiones_noche": 0.00999, "riesgo_amenazas_noche": 0.00999, "riesgo_madrugada": 0.03875, "riesgo_total_madrugada": 0.1938, "riesgo_robo_madrugada": 0.01639, "riesgo_hurto_madrugada": 0.00808, "riesgo_lesiones_madrugada": 0.00568, "riesgo_amenazas_madrugada": 0.00233, "delitos_robo": 287, "delitos_hurto": 357, "delitos_lesiones": 75, "delitos_amenazas": 73, "delitos_vialidad": 98, "delitos_homicidios": 0}, "geometry": {"type": "Polygon", "coordinates": [[[-58.4668296389597, -34.59059866771143], [-58.46588118872456, -34.59121371583278], [-58.464383340566116, -34.592557035439725], [-58.46562158311472, -34.59670973743522], [-58.46461554099933, -34.59648399914624], [-58.46376937993755, -34.59643287752143], [-58.45927712189113, -34.596682886690694], [-58.45794015411769, -34.59700600985141], [-58.45623823399996, -34.597595439389124], [-58.45816464561099, -34.60383436486436], [-58.458936500387324, -34.60437891052652], [-58.46891355826054, -34.60186572269597], [-58.471610807868615, -34.60382637096152], [-58.47401769558466, -34.605316418353674], [-58.47638257781589, -34.60237107368214], [-58.477499708181476, -34.60083050287424], [-58.47639330823987, -34.60020498085559], [-58.478832163758454, -34.59967637826255], [-58.47572522993756, -34.59131314699012], [-58.470816590465546, -34.587450980992124], [-58.4668296389597, -34.59059866771143]]]}}, {"type": "Feature", "properties": {"nombre": "Puerto Madero", "comuna": 1, "n_hex": 9, "delitos_2025": 774, "poblacion": 6726, "presion_visitantes": 0.896, "riesgo_manana": 0.02067, "riesgo_total_manana": 0.186, "riesgo_robo_manana": 0.00757, "riesgo_hurto_manana": 0.00418, "riesgo_lesiones_manana": 0.00317, "riesgo_amenazas_manana": 0.00253, "riesgo_tarde": 0.03591, "riesgo_total_tarde": 0.3232, "riesgo_robo_tarde": 0.01164, "riesgo_hurto_tarde": 0.00726, "riesgo_lesiones_tarde": 0.00544, "riesgo_amenazas_tarde": 0.00371, "riesgo_noche": 0.01258, "riesgo_total_noche": 0.1133, "riesgo_robo_noche": 0.00393, "riesgo_hurto_noche": 0.00221, "riesgo_lesiones_noche": 0.00223, "riesgo_amenazas_noche": 0.00207, "riesgo_madrugada": 0.00521, "riesgo_total_madrugada": 0.0469, "riesgo_robo_madrugada": 0.00207, "riesgo_hurto_madrugada": 0.00125, "riesgo_lesiones_madrugada": 0.00133, "riesgo_amenazas_madrugada": 0.00069, "delitos_robo": 227, "delitos_hurto": 328, "delitos_lesiones": 48, "delitos_amenazas": 81, "delitos_vialidad": 89, "delitos_homicidios": 1}, "geometry": {"type": "Polygon", "coordinates": [[[-58.35127133932558, -34.61935665770833], [-58.351923270152184, -34.61962439469222], [-58.35221965822539, -34.61963756153665], [-58.352570996819516, -34.61954285426077], [-58.35269850298577, -34.619775295350834], [-58.35293614285678, -34.61975546842589], [-58.35309082367113, -34.61954148249532], [-58.3535230866013, -34.61940937356785], [-58.354079318004544, -34.619705660875645], [-58.35425512483615, -34.61946832939839], [-58.355145559185225, -34.61955481729848], [-58.35601620755281, -34.617610896798965], [-58.363201122687805, -34.62513957573468], [-58.36346055194598, -34.625125657716545], [-58.36352656160801, -34.624994371474884], [-58.36550581992286, -34.62392538132948], [-58.36579132236112, -34.62399168476058], [-58.36839501939852, -34.601034424917216], [-58.36951785003697, -34.59832620408328], [-58.36812186957484, -34.598442130527474], [-58.3677832562577, -34.598297919614666], [-58.36736497419749, -34.598264703986615], [-58.366612058702614, -34.598329955917265], [-58.363239410879366, -34.59806631753711], [-58.36353785160485, -34.597191783763016], [-58.36345172323722, -34.59713048870585], [-58.359257451874186, -34.59524922321292], [-58.356488933776454, -34.59503450590226], [-58.355937112463614, -34.59512559611926], [-58.35544208107028, -34.59531620889799], [-58.35491503188452, -34.59579782542223], [-58.353442385181246, -34.59669698000774], [-58.3530525666311, -34.59704484159514], [-58.35281548040499, -34.597488240522566], [-58.3523880196584, -34.59794339097962], [-58.35211100706017, -34.59804092425822], [-58.3515304937063, -34.59863426343967], [-58.350497054921455, -34.59929634713673], [-58.34973739110232, -34.60011370363008], [-58.34935061232916, -34.60032560986396], [-58.34877882264922, -34.60084023800477], [-58.34800412339784, -34.60128840023487], [-58.34736269403995, -34.601822062351204], [-58.34703330924113, -34.602233164040285], [-58.34682437429104, -34.60233872017849], [-58.346751425989424, -34.60272486571837], [-58.34666037563306, -34.60281803256431], [-58.346727892160146, -34.603053975632406], [-58.34658890312136, -34.60344021539725], [-58.346631955560866, -34.60359289784838], [-58.346481002790476, -34.604282022476795], [-58.34632167241209, -34.60477318312329], [-58.346083612135814, -34.604998126042254], [-58.34617365980116, -34.6054193798747], [-58.346115136664544, -34.60601319244762], [-58.34588051566514, -34.60670939113965], [-58.34562625088957, -34.607014427658875], [-58.34400383270256, -34.60794777771781], [-58.341722428498485, -34.60975336501321], [-58.341471292246815, -34.60987475035462], [-58.34086724732706, -34.61066835461807], [-58.33998269815521, -34.61387530453055], [-58.339851151763966, -34.61504621202226], [-58.33987707464778, -34.61609972445709], [-58.340450282433, -34.61668844578997], [-58.340854933601385, -34.61694389474389], [-58.3415420326851, -34.617062811011074], [-58.34263634034159, -34.617084346575915], [-58.34349348734085, -34.617386486191556], [-58.344862487949804, -34.61773245468687], [-58.34553216292245, -34.61750839961845], [-58.34618544312165, -34.6175539710945], [-58.34717908191375, -34.617360960462996], [-58.34781402464586, -34.6170509225495], [-58.34829884134812, -34.61693213087515], [-58.349172896827994, -34.616985631468445], [-58.34948591298834, -34.61707924426092], [-58.35016623891, -34.617507344526686], [-58.35022783767676, -34.61773016635317], [-58.35014385637094, -34.61790167751658], [-58.350227567751034, -34.61821127715191], [-58.350051250117836, -34.61823756595272], [-58.349927098544335, -34.61816652607361], [-58.34979982038545, -34.61822021253063], [-58.34986766040566, -34.61836701765487], [-58.35010712202843, -34.61848463279688], [-58.350121794170526, -34.61857269162194], [-58.34997793938646, -34.61864608502925], [-58.34997367686602, -34.618721740780664], [-58.35025463186218, -34.61878314381273], [-58.35053601065746, -34.61853149815511], [-58.350728266000246, -34.61855613302088], [-58.35037570948102, -34.61893978016405], [-58.35057380873174, -34.61902746683282], [-58.35068305524135, -34.61917485059254], [-58.351224318057554, -34.61922891859672], [-58.35127133932558, -34.61935665770833]], [[-58.36448404935957, -34.612403923037775], [-58.36453975878165, -34.612098333511746], [-58.36474874780906, -34.61211647773018], [-58.36474121331211, -34.61242433008273], [-58.36547574874055, -34.612534123815834], [-58.364896522546566, -34.61756952984974], [-58.36416403006327, -34.6175536000479], [-58.364099601852246, -34.61786169699354], [-58.36388827477905, -34.617846528051786], [-58.36389199692048, -34.617533076010716], [-58.363198542546925, -34.617476958093526], [-58.36316607070141, -34.617418401379624], [-58.36373779648621, -34.6123841404094], [-58.36448404935957, -34.612403923037775]], [[-58.36525803315869, -34.60548736945927], [-58.365326259681936, -34.60518769358565], [-58.36554884954629, -34.60520440238107], [-58.365550781992326, -34.60551272154517], [-58.36626580455901, -34.605606497437165], [-58.3655653631564, -34.611737202229904], [-58.364837536059035, -34.61171731669459], [-58.36476474180638, -34.61201975834134], [-58.364548756990935, -34.61200328693237], [-58.36455425507008, -34.611698602316494], [-58.36382174989848, -34.61159949192246], [-58.36453151859355, -34.605466681817916], [-58.36525803315869, -34.60548736945927]], [[-58.36594715042449, -34.599164859067194], [-58.36603490501047, -34.598737821687656], [-58.36630699561782, -34.59873823838467], [-58.36628162634699, -34.59919069881006], [-58.366985670431625, -34.599306351940626], [-58.36634530091575, -34.60488580762253], [-58.36563018772063, -34.60485973787393], [-58.3655555441987, -34.605110530126964], [-58.365337172551115, -34.60509282144868], [-58.365338868937116, -34.604833747116864], [-58.36461543108752, -34.604732855781556], [-58.36525193228371, -34.599164174420224], [-58.36594715042449, -34.599164859067194]], [[-58.363809566048154, -34.618238789529215], [-58.363876252549595, -34.617940821142774], [-58.36408812174787, -34.61795691630389], [-58.36409479739479, -34.618265263935406], [-58.36480792941908, -34.61834669728862], [-58.36426062839485, -34.62341250799765], [-58.36267385256431, -34.62331446732033], [-58.362048833533336, -34.623720380809274], [-58.36191577320818, -34.623585840849806], [-58.362535703569755, -34.62316586620733], [-58.36307828695246, -34.61821828760405], [-58.363809566048154, -34.618238789529215]]]}}, {"type": "Feature", "properties": {"nombre": "Recoleta", "comuna": 2, "n_hex": 13, "delitos_2025": 5421, "poblacion": 157932, "presion_visitantes": 0.771, "riesgo_manana": 0.37445, "riesgo_total_manana": 4.8679, "riesgo_robo_manana": 0.14085, "riesgo_hurto_manana": 0.15643, "riesgo_lesiones_manana": 0.02007, "riesgo_amenazas_manana": 0.01736, "riesgo_tarde": 0.54181, "riesgo_total_tarde": 7.0435, "riesgo_robo_tarde": 0.20025, "riesgo_hurto_tarde": 0.23303, "riesgo_lesiones_tarde": 0.02876, "riesgo_amenazas_tarde": 0.0242, "riesgo_noche": 0.1482, "riesgo_total_noche": 1.9266, "riesgo_robo_noche": 0.07293, "riesgo_hurto_noche": 0.04947, "riesgo_lesiones_noche": 0.01071, "riesgo_amenazas_noche": 0.01043, "riesgo_madrugada": 0.07948, "riesgo_total_madrugada": 1.0332, "riesgo_robo_madrugada": 0.0421, "riesgo_hurto_madrugada": 0.01711, "riesgo_lesiones_madrugada": 0.00762, "riesgo_amenazas_madrugada": 0.00232, "delitos_robo": 2184, "delitos_hurto": 2277, "delitos_lesiones": 295, "delitos_amenazas": 268, "delitos_vialidad": 396, "delitos_homicidios": 1}, "geometry": {"type": "Polygon", "coordinates": [[[-58.37074154419681, -34.57706754927851], [-58.37671626106816, -34.57755069258156], [-58.37397717440912, -34.57910768707074], [-58.375126880746755, -34.5805254281304], [-58.37616540459724, -34.579955854036996], [-58.379841464837774, -34.58016729947033], [-58.382861911212935, -34.57845408463024], [-58.38323547529595, -34.57832003138325], [-58.38392635318524, -34.578197452471684], [-58.385291305801196, -34.57825178429954], [-58.386585286178644, -34.57812019857278], [-58.389869341696375, -34.578207133668116], [-58.39164933888169, -34.58083641962399], [-58.391174906991395, -34.581012426482694], [-58.38839673729451, -34.582490075306005], [-58.38696844658319, -34.58355674501224], [-58.38533010754322, -34.58538877054289], [-58.38450398753848, -34.58696612905157], [-58.38369087887974, -34.587505583241736], [-58.38692224385791, -34.59078036312371], [-58.387954728857004, -34.59165341346785], [-58.387571305345595, -34.5928355903143], [-58.38727517074097, -34.59475198684766], [-58.38686820376445, -34.59929786043728], [-58.39293533370779, -34.599642149302134], [-58.39872726394246, -34.59976535365024], [-58.402012342973116, -34.59937478850392], [-58.404510717536766, -34.59804106689294], [-58.41029791226502, -34.59809787350611], [-58.41600403600113, -34.597859933549024], [-58.414397287745764, -34.59405930920153], [-58.41008489098123, -34.589062491173905], [-58.40617642820399, -34.58346470960735], [-58.401947330422416, -34.58343181108031], [-58.40113089032275, -34.583947252663485], [-58.40054799256822, -34.584477245354066], [-58.39927933340058, -34.58273585143911], [-58.39936593960408, -34.58272047345798], [-58.398113720474804, -34.58070759154796], [-58.39656419598135, -34.578512233282034], [-58.39858627930136, -34.577177208383134], [-58.399944927450534, -34.576495369692026], [-58.40114888534915, -34.57574233895357], [-58.401656336739215, -34.575323111404266], [-58.402650681613316, -34.574146009020055], [-58.40203200094389, -34.57352293352119], [-58.39972018078614, -34.57081264566095], [-58.399634041448884, -34.57040908342116], [-58.3997022573878, -34.570023478706126], [-58.4001310817211, -34.56935463624212], [-58.39934418719556, -34.569875777642594], [-58.39521040516281, -34.57219633516644], [-58.39482489558856, -34.572315065434594], [-58.392844035532704, -34.57223854015185], [-58.392988738896264, -34.57198170984933], [-58.38794483725291, -34.57487735658503], [-58.386648203813365, -34.573230796984284], [-58.39126553617799, -34.57061099020856], [-58.39125545971663, -34.57040732764561], [-58.39104957444135, -34.57007706925576], [-58.39068199901813, -34.56975579539412], [-58.3904950886105, -34.56942898897008], [-58.390320444344695, -34.569341592315716], [-58.39023217959457, -34.56938590053064], [-58.384285969762935, -34.56889937155141], [-58.383946677414066, -34.568758952547576], [-58.383690295128574, -34.56851184423384], [-58.3832305657687, -34.56839300050929], [-58.38146827466691, -34.56842771226113], [-58.38100035945013, -34.56858472011782], [-58.380748120597985, -34.56939738706401], [-58.38071177905449, -34.57011796206073], [-58.38035794268092, -34.570103317355645], [-58.38041032802914, -34.56856599469932], [-58.38028774694646, -34.56832602338943], [-58.38010293600549, -34.56822542682625], [-58.3681686748618, -34.56723723750758], [-58.368082716248196, -34.56731692160571], [-58.379785272678646, -34.568310417331524], [-58.37995514132869, -34.568361292045104], [-58.38022526064687, -34.56869666431475], [-58.38023422068042, -34.56984564966574], [-58.3800082486756, -34.569971511526106], [-58.38003022933984, -34.57037267398053], [-58.37910864138785, -34.57030248866287], [-58.37877614841892, -34.570355047329514], [-58.37656155782953, -34.57157364685413], [-58.37616391128904, -34.57165990605206], [-58.36176174534931, -34.570646552283726], [-58.36161843185904, -34.57066336625129], [-58.35985675432091, -34.5716485307181], [-58.35991659477749, -34.57181565623434], [-58.361645511421386, -34.57083949472865], [-58.3621041645752, -34.57074504955341], [-58.37614935554656, -34.57180581775957], [-58.37414935659501, -34.57307523256967], [-58.371222567730086, -34.574745118517924], [-58.37110635670389, -34.574840236691436], [-58.37117491294684, -34.574903083579144], [-58.374219820340606, -34.57313131936489], [-58.375953607118966, -34.572018448300604], [-58.37860181081757, -34.57052243047193], [-58.37919035216067, -34.57038660211805], [-58.38036111212539, -34.57047919907209], [-58.38033061383346, -34.570815133705885], [-58.380506938288235, -34.57104366498395], [-58.37830896726909, -34.572309975435594], [-58.378251823432564, -34.57268106363586], [-58.37830331199828, -34.57276029520051], [-58.383605189291885, -34.57322252565257], [-58.383567257467, -34.57343206533696], [-58.38181681635241, -34.57441578676828], [-58.375443919500846, -34.57393073573305], [-58.37074538598938, -34.57662683984114], [-58.37074154419681, -34.57706754927851]]]}}, {"type": "Feature", "properties": {"nombre": "Retiro", "comuna": 1, "n_hex": 11, "delitos_2025": 3970, "poblacion": 65413, "presion_visitantes": 0.917, "riesgo_manana": 0.34101, "riesgo_total_manana": 3.7511, "riesgo_robo_manana": 0.14964, "riesgo_hurto_manana": 0.10192, "riesgo_lesiones_manana": 0.02309, "riesgo_amenazas_manana": 0.01645, "riesgo_tarde": 0.40183, "riesgo_total_tarde": 4.4201, "riesgo_robo_tarde": 0.1746, "riesgo_hurto_tarde": 0.11543, "riesgo_lesiones_tarde": 0.03078, "riesgo_amenazas_tarde": 0.02244, "riesgo_noche": 0.14208, "riesgo_total_noche": 1.5629, "riesgo_robo_noche": 0.06609, "riesgo_hurto_noche": 0.0304, "riesgo_lesiones_noche": 0.01662, "riesgo_amenazas_noche": 0.01269, "riesgo_madrugada": 0.07999, "riesgo_total_madrugada": 0.8798, "riesgo_robo_madrugada": 0.04461, "riesgo_hurto_madrugada": 0.01104, "riesgo_lesiones_madrugada": 0.01292, "riesgo_amenazas_madrugada": 0.00292, "delitos_robo": 1755, "delitos_hurto": 1254, "delitos_lesiones": 407, "delitos_amenazas": 300, "delitos_vialidad": 250, "delitos_homicidios": 4}, "geometry": {"type": "Polygon", "coordinates": [[[-58.356488933776454, -34.59503450590226], [-58.359257451874186, -34.59524922321292], [-58.36345172323722, -34.59713048870585], [-58.36353785160485, -34.597191783763016], [-58.363239410879366, -34.59806631753711], [-58.366612058702614, -34.598329955917265], [-58.36736497419749, -34.598264703986615], [-58.3677832562577, -34.598297919614666], [-58.36812186957484, -34.598442130527474], [-58.36951785003697, -34.59832620408328], [-58.371171095870245, -34.59840025335089], [-58.37828415373453, -34.598914007060564], [-58.38686820376445, -34.59929786043728], [-58.38727517074097, -34.59475198684766], [-58.387571305345595, -34.5928355903143], [-58.387954728857004, -34.59165341346785], [-58.38692224385791, -34.59078036312371], [-58.38369087887974, -34.587505583241736], [-58.38450398753848, -34.58696612905157], [-58.38533010754322, -34.58538877054289], [-58.38696844658319, -34.58355674501224], [-58.38839673729451, -34.582490075306005], [-58.391174906991395, -34.581012426482694], [-58.39164933888169, -34.58083641962399], [-58.389869341696375, -34.578207133668116], [-58.386585286178644, -34.57812019857278], [-58.385291305801196, -34.57825178429954], [-58.38410320191672, -34.57818953925412], [-58.383576291204996, -34.5782407460442], [-58.382861911212935, -34.57845408463024], [-58.379841464837774, -34.58016729947033], [-58.37616540459724, -34.579955854036996], [-58.375126880746755, -34.5805254281304], [-58.37397717440912, -34.57910768707074], [-58.37671626106816, -34.57755069258156], [-58.376046345176654, -34.57748950091275], [-58.37603264525647, -34.577728188581474], [-58.37428889158243, -34.57870957317203], [-58.367934207639564, -34.578216053144644], [-58.36532103559171, -34.57971019325498], [-58.3652514541213, -34.58015608946327], [-58.37058516032543, -34.58058900602044], [-58.37060251743978, -34.580792124670204], [-58.36897528910064, -34.58173392430387], [-58.36162502808646, -34.581152385208505], [-58.361417757287526, -34.58296893642792], [-58.36610964672991, -34.58334017362031], [-58.36614851142907, -34.58356375333382], [-58.36494652313515, -34.584504548357486], [-58.35992042240929, -34.5841233530128], [-58.359729103818744, -34.58592406871261], [-58.36364863874599, -34.58624596742896], [-58.3635275354698, -34.58746271693558], [-58.35960762309352, -34.58718936741614], [-58.359461950233104, -34.58808498390018], [-58.35964486425478, -34.58812058337775], [-58.359684270075206, -34.58826220617178], [-58.359802098737156, -34.58834023603896], [-58.360850264696154, -34.58856520357075], [-58.36074617289418, -34.588941116180024], [-58.36089451782915, -34.588568967197965], [-58.36799692103641, -34.59001338072157], [-58.367911996067114, -34.590434415268675], [-58.367491450104474, -34.59065673742628], [-58.366893875456455, -34.590719869451725], [-58.366524697310574, -34.59097630894694], [-58.36437192235354, -34.59426982427037], [-58.36444155903822, -34.59439317281751], [-58.36464216963892, -34.594494937245145], [-58.36483299645317, -34.594461910900385], [-58.36590338125743, -34.59283423299478], [-58.3661595880161, -34.592859458912365], [-58.367089402500184, -34.59140365964746], [-58.36724434993338, -34.59139965949867], [-58.36728025697937, -34.591551830886694], [-58.366388721545, -34.59299041504882], [-58.36692979538528, -34.59320400395767], [-58.36765740783945, -34.59198381235681], [-58.3678749988485, -34.59195878341], [-58.36793241491002, -34.59209217583462], [-58.367153854179, -34.593308098547325], [-58.36908365639814, -34.59416162876315], [-58.3679135315109, -34.59747857900049], [-58.36649790025221, -34.597418775285895], [-58.3663773075089, -34.598226844381266], [-58.366093909072035, -34.59820853822204], [-58.36615974297177, -34.597388831731905], [-58.36383556620315, -34.59720284206335], [-58.36441049459098, -34.59550952550862], [-58.364345258345914, -34.595382744310704], [-58.36410568928949, -34.59531635472929], [-58.36387161920977, -34.595420706733634], [-58.36302834143234, -34.59523157442815], [-58.36148309785111, -34.595132896250064], [-58.361245076454395, -34.59528039892109], [-58.36151212387825, -34.595172265828246], [-58.36303655265061, -34.595285327624595], [-58.36384791399487, -34.59548607637648], [-58.36342174838141, -34.59666429173523], [-58.36248748216361, -34.596506111655316], [-58.36033448322039, -34.5954709880062], [-58.36037788217586, -34.59508221202916], [-58.36110346649097, -34.59510585148152], [-58.35414917509483, -34.59466946306939], [-58.35094115311311, -34.59519123982133], [-58.35411744927475, -34.59470716193262], [-58.35668501814477, -34.59486327259191], [-58.356852738786486, -34.59494150475394], [-58.356488933776454, -34.59503450590226]]]}}, {"type": "Feature", "properties": {"nombre": "Saavedra", "comuna": 12, "n_hex": 9, "delitos_2025": 2264, "poblacion": 50295, "presion_visitantes": 0.25, "riesgo_manana": 0.19171, "riesgo_total_manana": 1.7254, "riesgo_robo_manana": 0.06725, "riesgo_hurto_manana": 0.05795, "riesgo_lesiones_manana": 0.0098, "riesgo_amenazas_manana": 0.01193, "riesgo_tarde": 0.21963, "riesgo_total_tarde": 1.9767, "riesgo_robo_tarde": 0.07256, "riesgo_hurto_tarde": 0.07141, "riesgo_lesiones_tarde": 0.01514, "riesgo_amenazas_tarde": 0.01593, "riesgo_noche": 0.07229, "riesgo_total_noche": 0.6506, "riesgo_robo_noche": 0.02506, "riesgo_hurto_noche": 0.03673, "riesgo_lesiones_noche": 0.00673, "riesgo_amenazas_noche": 0.00683, "riesgo_madrugada": 0.02707, "riesgo_total_madrugada": 0.2437, "riesgo_robo_madrugada": 0.01272, "riesgo_hurto_madrugada": 0.00734, "riesgo_lesiones_madrugada": 0.00297, "riesgo_amenazas_madrugada": 0.00181, "delitos_robo": 773, "delitos_hurto": 942, "delitos_lesiones": 130, "delitos_amenazas": 141, "delitos_vialidad": 275, "delitos_homicidios": 3}, "geometry": {"type": "Polygon", "coordinates": [[[-58.47358759304927, -34.55354026114664], [-58.48340873167066, -34.559037755461716], [-58.49099191533611, -34.56265698478033], [-58.49193073985506, -34.56130800638878], [-58.508604690846106, -34.56939834027656], [-58.508818013763744, -34.56951523458638], [-58.509040472963434, -34.5700034273427], [-58.509522005772276, -34.56967495439814], [-58.50987529313918, -34.56927135042903], [-58.500551668790834, -34.549495920968496], [-58.475954554668476, -34.53863739298881], [-58.47043250710375, -34.54607263202276], [-58.46819097058801, -34.54894654457668], [-58.47443734115173, -34.55242741425036], [-58.47358759304927, -34.55354026114664]]]}}, {"type": "Feature", "properties": {"nombre": "San Cristobal", "comuna": 3, "n_hex": 5, "delitos_2025": 2081, "poblacion": 48611, "presion_visitantes": 0.646, "riesgo_manana": 0.51649, "riesgo_total_manana": 2.5824, "riesgo_robo_manana": 0.20365, "riesgo_hurto_manana": 0.16146, "riesgo_lesiones_manana": 0.03822, "riesgo_amenazas_manana": 0.035, "riesgo_tarde": 0.60381, "riesgo_total_tarde": 3.019, "riesgo_robo_tarde": 0.20693, "riesgo_hurto_tarde": 0.17509, "riesgo_lesiones_tarde": 0.05571, "riesgo_amenazas_tarde": 0.04954, "riesgo_noche": 0.21354, "riesgo_total_noche": 1.0677, "riesgo_robo_noche": 0.09213, "riesgo_hurto_noche": 0.0666, "riesgo_lesiones_noche": 0.02387, "riesgo_amenazas_noche": 0.02108, "riesgo_madrugada": 0.08879, "riesgo_total_madrugada": 0.444, "riesgo_robo_madrugada": 0.04265, "riesgo_hurto_madrugada": 0.02136, "riesgo_lesiones_madrugada": 0.01152, "riesgo_amenazas_madrugada": 0.00471, "delitos_robo": 740, "delitos_hurto": 658, "delitos_lesiones": 212, "delitos_amenazas": 226, "delitos_vialidad": 245, "delitos_homicidios": 0}, "geometry": {"type": "Polygon", "coordinates": [[[-58.391174186861434, -34.62725739800159], [-58.39216377407576, -34.62726797946864], [-58.398598161218764, -34.628410376997714], [-58.40836812467837, -34.6295203914632], [-58.411782811125846, -34.63036027048347], [-58.412068696783834, -34.62514265841067], [-58.41233697069864, -34.62303746480651], [-58.4120454070184, -34.622979384112405], [-58.412359916674454, -34.62187316459169], [-58.41244032418157, -34.62188798772624], [-58.41254739310853, -34.62064696103565], [-58.403516778194955, -34.61884488946978], [-58.39170141710722, -34.61816380098751], [-58.39143573140748, -34.6239929392602], [-58.391174186861434, -34.62725739800159]]]}}, {"type": "Feature", "properties": {"nombre": "San Nicolas", "comuna": 1, "n_hex": 4, "delitos_2025": 4592, "poblacion": 29273, "presion_visitantes": 0.979, "riesgo_manana": 0.93022, "riesgo_total_manana": 3.7209, "riesgo_robo_manana": 0.31578, "riesgo_hurto_manana": 0.59711, "riesgo_lesiones_manana": 0.04715, "riesgo_amenazas_manana": 0.03389, "riesgo_tarde": 1.43784, "riesgo_total_tarde": 5.7514, "riesgo_robo_tarde": 0.4797, "riesgo_hurto_tarde": 0.85678, "riesgo_lesiones_tarde": 0.06503, "riesgo_amenazas_tarde": 0.04865, "riesgo_noche": 0.42749, "riesgo_total_noche": 1.7099, "riesgo_robo_noche": 0.16963, "riesgo_hurto_noche": 0.21946, "riesgo_lesiones_noche": 0.02586, "riesgo_amenazas_noche": 0.02061, "riesgo_madrugada": 0.1667, "riesgo_total_madrugada": 0.6668, "riesgo_robo_madrugada": 0.09157, "riesgo_hurto_madrugada": 0.03439, "riesgo_lesiones_madrugada": 0.0187, "riesgo_amenazas_madrugada": 0.00494, "delitos_robo": 1667, "delitos_hurto": 2170, "delitos_lesiones": 255, "delitos_amenazas": 196, "delitos_vialidad": 303, "delitos_homicidios": 1}, "geometry": {"type": "Polygon", "coordinates": [[[-58.36773150092235, -34.60690584043083], [-58.36815369633645, -34.60696896158606], [-58.36922517357386, -34.606742265657964], [-58.36925625068211, -34.6065943267529], [-58.36944423760476, -34.60650672356935], [-58.37019587894979, -34.606578638817204], [-58.37030906518711, -34.60719556486478], [-58.37109340925513, -34.6077906328546], [-58.371555736213665, -34.60788906318605], [-58.37351881088785, -34.60803002292504], [-58.373520523891806, -34.60794164256774], [-58.381797375369075, -34.60844724788217], [-58.39195611909355, -34.60929693279127], [-58.392391551116624, -34.603160338101695], [-58.39293533370779, -34.599642149302134], [-58.37828415373453, -34.598914007060564], [-58.36951785003697, -34.59832620408328], [-58.36839501939852, -34.601034424917216], [-58.36773150092235, -34.60690584043083]]]}}, {"type": "Feature", "properties": {"nombre": "San Telmo", "comuna": 1, "n_hex": 3, "delitos_2025": 2021, "poblacion": 20453, "presion_visitantes": 0.792, "riesgo_manana": 0.59405, "riesgo_total_manana": 1.7822, "riesgo_robo_manana": 0.25834, "riesgo_hurto_manana": 0.17066, "riesgo_lesiones_manana": 0.0392, "riesgo_amenazas_manana": 0.03244, "riesgo_tarde": 0.75447, "riesgo_total_tarde": 2.2634, "riesgo_robo_tarde": 0.31996, "riesgo_hurto_tarde": 0.23112, "riesgo_lesiones_tarde": 0.05628, "riesgo_amenazas_tarde": 0.04467, "riesgo_noche": 0.27515, "riesgo_total_noche": 0.8254, "riesgo_robo_noche": 0.14208, "riesgo_hurto_noche": 0.07153, "riesgo_lesiones_noche": 0.02555, "riesgo_amenazas_noche": 0.0213, "riesgo_madrugada": 0.16268, "riesgo_total_madrugada": 0.488, "riesgo_robo_madrugada": 0.08177, "riesgo_hurto_madrugada": 0.0373, "riesgo_lesiones_madrugada": 0.01824, "riesgo_amenazas_madrugada": 0.00635, "delitos_robo": 879, "delitos_hurto": 698, "delitos_lesiones": 172, "delitos_amenazas": 126, "delitos_vialidad": 146, "delitos_homicidios": 0}, "geometry": {"type": "Polygon", "coordinates": [[[-58.36346055194598, -34.625125657716545], [-58.36797657673252, -34.6251997631352], [-58.36795049636793, -34.62714666538916], [-58.36809663225007, -34.627193681217115], [-58.36944974577509, -34.628327418264334], [-58.370663234060096, -34.62949785076114], [-58.37096872656504, -34.62665144696798], [-58.37456562467141, -34.62680369522484], [-58.37557794412637, -34.62730591248493], [-58.37618123559256, -34.626367390756776], [-58.37675553114058, -34.62511856088524], [-58.37707025708982, -34.62360489282597], [-58.37721641571186, -34.62189708963912], [-58.3774303789714, -34.61629801759972], [-58.374342615908866, -34.6160833377808], [-58.371719352299316, -34.61602998785851], [-58.370349877379944, -34.61586621611515], [-58.36673996253526, -34.61562966421397], [-58.36579132236112, -34.62399168476058], [-58.36550581992286, -34.62392538132948], [-58.36352656160801, -34.624994371474884], [-58.36346055194598, -34.625125657716545]]]}}, {"type": "Feature", "properties": {"nombre": "Velez Sarsfield", "comuna": 10, "n_hex": 6, "delitos_2025": 1169, "poblacion": 35081, "presion_visitantes": 0.104, "riesgo_manana": 0.28067, "riesgo_total_manana": 1.684, "riesgo_robo_manana": 0.08469, "riesgo_hurto_manana": 0.10216, "riesgo_lesiones_manana": 0.01736, "riesgo_amenazas_manana": 0.01668, "riesgo_tarde": 0.28643, "riesgo_total_tarde": 1.7186, "riesgo_robo_tarde": 0.09583, "riesgo_hurto_tarde": 0.10997, "riesgo_lesiones_tarde": 0.0228, "riesgo_amenazas_tarde": 0.02581, "riesgo_noche": 0.10372, "riesgo_total_noche": 0.6223, "riesgo_robo_noche": 0.03662, "riesgo_hurto_noche": 0.04643, "riesgo_lesiones_noche": 0.0093, "riesgo_amenazas_noche": 0.01151, "riesgo_madrugada": 0.03881, "riesgo_total_madrugada": 0.2329, "riesgo_robo_madrugada": 0.01677, "riesgo_hurto_madrugada": 0.01198, "riesgo_lesiones_madrugada": 0.00504, "riesgo_amenazas_madrugada": 0.0024, "delitos_robo": 365, "delitos_hurto": 539, "delitos_lesiones": 85, "delitos_amenazas": 80, "delitos_vialidad": 98, "delitos_homicidios": 2}, "geometry": {"type": "Polygon", "coordinates": [[[-58.47854619256344, -34.63699885547771], [-58.4878058178683, -34.641304498245816], [-58.4933197826148, -34.636968225841315], [-58.49311624365684, -34.63651806034269], [-58.493799186646164, -34.63665141386853], [-58.49997709399455, -34.631781354739594], [-58.501041827893275, -34.63221258363816], [-58.507293237509266, -34.62759931332896], [-58.503491746398566, -34.62403741662014], [-58.49820080705291, -34.62137556273236], [-58.47854619256344, -34.63699885547771]]]}}, {"type": "Feature", "properties": {"nombre": "Versalles", "comuna": 10, "n_hex": 2, "delitos_2025": 597, "poblacion": 13822, "presion_visitantes": 0.042, "riesgo_manana": 0.19813, "riesgo_total_manana": 0.3963, "riesgo_robo_manana": 0.06267, "riesgo_hurto_manana": 0.07341, "riesgo_lesiones_manana": 0.01114, "riesgo_amenazas_manana": 0.01385, "riesgo_tarde": 0.24307, "riesgo_total_tarde": 0.4861, "riesgo_robo_tarde": 0.07433, "riesgo_hurto_tarde": 0.09754, "riesgo_lesiones_tarde": 0.01903, "riesgo_amenazas_tarde": 0.01873, "riesgo_noche": 0.13983, "riesgo_total_noche": 0.2797, "riesgo_robo_noche": 0.03318, "riesgo_hurto_noche": 0.06964, "riesgo_lesiones_noche": 0.00613, "riesgo_amenazas_noche": 0.00811, "riesgo_madrugada": 0.03045, "riesgo_total_madrugada": 0.0609, "riesgo_robo_madrugada": 0.01263, "riesgo_hurto_madrugada": 0.00787, "riesgo_lesiones_madrugada": 0.0041, "riesgo_amenazas_madrugada": 0.00214, "delitos_robo": 215, "delitos_hurto": 211, "delitos_lesiones": 48, "delitos_amenazas": 40, "delitos_vialidad": 83, "delitos_homicidios": 0}, "geometry": {"type": "Polygon", "coordinates": [[[-58.52283093215203, -34.62349133570336], [-58.51512615366312, -34.62942505910741], [-58.50838775113027, -34.63460419727518], [-58.51067004306652, -34.6348222783488], [-58.513322146500286, -34.63366972917707], [-58.514863194735256, -34.63320792677432], [-58.51708853355127, -34.63301908324975], [-58.51974561069824, -34.63298860899282], [-58.520172983538586, -34.632917155213484], [-58.520239890158365, -34.63280211033947], [-58.52074658179306, -34.63322429318182], [-58.520813210758384, -34.63340456779643], [-58.52068660950892, -34.63382592736448], [-58.52233611324916, -34.63401780182501], [-58.524299104116515, -34.63447558603445], [-58.52820521323532, -34.634847236168326], [-58.5303575257912, -34.63480022662671], [-58.53080139093531, -34.62752785072713], [-58.52283093215203, -34.62349133570336]]]}}, {"type": "Feature", "properties": {"nombre": "Villa Crespo", "comuna": 15, "n_hex": 7, "delitos_2025": 3678, "poblacion": 81959, "presion_visitantes": 0.625, "riesgo_manana": 0.44179, "riesgo_total_manana": 3.0926, "riesgo_robo_manana": 0.16088, "riesgo_hurto_manana": 0.15576, "riesgo_lesiones_manana": 0.02116, "riesgo_amenazas_manana": 0.02243, "riesgo_tarde": 0.56267, "riesgo_total_tarde": 3.9387, "riesgo_robo_tarde": 0.18774, "riesgo_hurto_tarde": 0.19449, "riesgo_lesiones_tarde": 0.03306, "riesgo_amenazas_tarde": 0.03435, "riesgo_noche": 0.21393, "riesgo_total_noche": 1.4975, "riesgo_robo_noche": 0.09445, "riesgo_hurto_noche": 0.07001, "riesgo_lesiones_noche": 0.01324, "riesgo_amenazas_noche": 0.01413, "riesgo_madrugada": 0.08136, "riesgo_total_madrugada": 0.5695, "riesgo_robo_madrugada": 0.03693, "riesgo_hurto_madrugada": 0.01872, "riesgo_lesiones_madrugada": 0.00701, "riesgo_amenazas_madrugada": 0.00338, "delitos_robo": 1306, "delitos_hurto": 1557, "delitos_lesiones": 203, "delitos_amenazas": 197, "delitos_vialidad": 409, "delitos_homicidios": 6}, "geometry": {"type": "Polygon", "coordinates": [[[-58.42337046439579, -34.59775309579909], [-58.42375620668038, -34.597832538504306], [-58.42678829291573, -34.5979494812089], [-58.42777627037006, -34.598334144887495], [-58.42943185651599, -34.59913138941789], [-58.43027799996006, -34.599887407339935], [-58.432243441632785, -34.60213894439448], [-58.43920415657378, -34.605587963253505], [-58.44513371589389, -34.60718021194922], [-58.44624963503948, -34.60762073177344], [-58.458936500387324, -34.60437891052652], [-58.45816464561099, -34.60383436486436], [-58.45623823399996, -34.597595439389124], [-58.455485973134834, -34.597840116317954], [-58.450602703613, -34.594404361805765], [-58.43853841959034, -34.58867318165427], [-58.43028520406779, -34.59416872832367], [-58.42695332660271, -34.596215770667236], [-58.42337046439579, -34.59775309579909]]]}}, {"type": "Feature", "properties": {"nombre": "Villa Del Parque", "comuna": 11, "n_hex": 6, "delitos_2025": 1413, "poblacion": 55273, "presion_visitantes": 0.438, "riesgo_manana": 0.22327, "riesgo_total_manana": 1.3396, "riesgo_robo_manana": 0.07406, "riesgo_hurto_manana": 0.08949, "riesgo_lesiones_manana": 0.01111, "riesgo_amenazas_manana": 0.01448, "riesgo_tarde": 0.23858, "riesgo_total_tarde": 1.4315, "riesgo_robo_tarde": 0.07882, "riesgo_hurto_tarde": 0.10124, "riesgo_lesiones_tarde": 0.01541, "riesgo_amenazas_tarde": 0.02351, "riesgo_noche": 0.08845, "riesgo_total_noche": 0.5307, "riesgo_robo_noche": 0.03444, "riesgo_hurto_noche": 0.03953, "riesgo_lesiones_noche": 0.00643, "riesgo_amenazas_noche": 0.00818, "riesgo_madrugada": 0.03511, "riesgo_total_madrugada": 0.2106, "riesgo_robo_madrugada": 0.01703, "riesgo_hurto_madrugada": 0.01186, "riesgo_lesiones_madrugada": 0.00262, "riesgo_amenazas_madrugada": 0.00209, "delitos_robo": 512, "delitos_hurto": 624, "delitos_lesiones": 60, "delitos_amenazas": 103, "delitos_vialidad": 114, "delitos_homicidios": 0}, "geometry": {"type": "Polygon", "coordinates": [[[-58.478832163758454, -34.59967637826255], [-58.47639330823987, -34.60020498085559], [-58.477499708181476, -34.60083050287424], [-58.47638257781589, -34.60237107368214], [-58.47401769558466, -34.605316418353674], [-58.476365635723894, -34.606754661891905], [-58.477619295162384, -34.60736495209084], [-58.47920452575803, -34.60783603055708], [-58.488654711025085, -34.61014129559625], [-58.492265631516, -34.61286602215446], [-58.49478574974895, -34.61502120054688], [-58.49557308272516, -34.61439626909074], [-58.506167398535915, -34.6023840338158], [-58.49712838845274, -34.59679411128995], [-58.483456873969345, -34.59776357440074], [-58.482844411895826, -34.597949032705834], [-58.478832163758454, -34.59967637826255]]]}}, {"type": "Feature", "properties": {"nombre": "Villa Devoto", "comuna": 11, "n_hex": 15, "delitos_2025": 2461, "poblacion": 66521, "presion_visitantes": 0.458, "riesgo_manana": 0.19094, "riesgo_total_manana": 2.8641, "riesgo_robo_manana": 0.05921, "riesgo_hurto_manana": 0.07283, "riesgo_lesiones_manana": 0.01033, "riesgo_amenazas_manana": 0.01184, "riesgo_tarde": 0.20505, "riesgo_total_tarde": 3.0758, "riesgo_robo_tarde": 0.06517, "riesgo_hurto_tarde": 0.08214, "riesgo_lesiones_tarde": 0.01556, "riesgo_amenazas_tarde": 0.01578, "riesgo_noche": 0.06846, "riesgo_total_noche": 1.027, "riesgo_robo_noche": 0.02417, "riesgo_hurto_noche": 0.03018, "riesgo_lesiones_noche": 0.00626, "riesgo_amenazas_noche": 0.00708, "riesgo_madrugada": 0.02615, "riesgo_total_madrugada": 0.3922, "riesgo_robo_madrugada": 0.01169, "riesgo_hurto_madrugada": 0.00805, "riesgo_lesiones_madrugada": 0.0027, "riesgo_amenazas_madrugada": 0.00162, "delitos_robo": 777, "delitos_hurto": 1131, "delitos_lesiones": 150, "delitos_amenazas": 180, "delitos_vialidad": 223, "delitos_homicidios": 0}, "geometry": {"type": "Polygon", "coordinates": [[[-58.51451630813752, -34.58175028280111], [-58.50308343148194, -34.59438790964244], [-58.50354366270087, -34.59445578824524], [-58.49717523922212, -34.596822971770784], [-58.506167398535915, -34.6023840338158], [-58.500192416685685, -34.60913108464406], [-58.513046049005155, -34.616736904702016], [-58.51694927550722, -34.62022036334769], [-58.52505931336877, -34.61396792747937], [-58.5251130050647, -34.614006633413766], [-58.52561317802312, -34.6136678532898], [-58.52946768490281, -34.61090106159128], [-58.51553576857417, -34.58127414707185], [-58.5149702127839, -34.58132249506749], [-58.51451630813752, -34.58175028280111]]]}}, {"type": "Feature", "properties": {"nombre": "Villa Gral. Mitre", "comuna": 11, "n_hex": 4, "delitos_2025": 1218, "poblacion": 34713, "presion_visitantes": 0.312, "riesgo_manana": 0.31055, "riesgo_total_manana": 1.2422, "riesgo_robo_manana": 0.10515, "riesgo_hurto_manana": 0.09711, "riesgo_lesiones_manana": 0.01871, "riesgo_amenazas_manana": 0.01815, "riesgo_tarde": 0.3125, "riesgo_total_tarde": 1.25, "riesgo_robo_tarde": 0.10584, "riesgo_hurto_tarde": 0.11028, "riesgo_lesiones_tarde": 0.02478, "riesgo_amenazas_tarde": 0.03001, "riesgo_noche": 0.11036, "riesgo_total_noche": 0.4414, "riesgo_robo_noche": 0.043, "riesgo_hurto_noche": 0.04244, "riesgo_lesiones_noche": 0.0118, "riesgo_amenazas_noche": 0.01067, "riesgo_madrugada": 0.05081, "riesgo_total_madrugada": 0.2032, "riesgo_robo_madrugada": 0.02394, "riesgo_hurto_madrugada": 0.01335, "riesgo_lesiones_madrugada": 0.00651, "riesgo_amenazas_madrugada": 0.00321, "delitos_robo": 401, "delitos_hurto": 514, "delitos_lesiones": 90, "delitos_amenazas": 107, "delitos_vialidad": 106, "delitos_homicidios": 0}, "geometry": {"type": "Polygon", "coordinates": [[[-58.46891355826054, -34.60186572269597], [-58.45847564360012, -34.604497063269704], [-58.46270615195231, -34.60737818546292], [-58.459449971836904, -34.61389068145688], [-58.46453994984254, -34.61579273275089], [-58.46863640888795, -34.61756665932689], [-58.47162221904028, -34.61916024381256], [-58.48041105702701, -34.608131997735114], [-58.477619295162384, -34.60736495209084], [-58.476365635723894, -34.606754661891905], [-58.471610807868615, -34.60382637096152], [-58.46891355826054, -34.60186572269597]]]}}, {"type": "Feature", "properties": {"nombre": "Villa Lugano", "comuna": 8, "n_hex": 19, "delitos_2025": 4549, "poblacion": 126374, "presion_visitantes": 0.146, "riesgo_manana": 0.24721, "riesgo_total_manana": 4.6971, "riesgo_robo_manana": 0.09552, "riesgo_hurto_manana": 0.075, "riesgo_lesiones_manana": 0.02852, "riesgo_amenazas_manana": 0.02489, "riesgo_tarde": 0.29129, "riesgo_total_tarde": 5.5346, "riesgo_robo_tarde": 0.11018, "riesgo_hurto_tarde": 0.07419, "riesgo_lesiones_tarde": 0.0413, "riesgo_amenazas_tarde": 0.03827, "riesgo_noche": 0.10349, "riesgo_total_noche": 1.9662, "riesgo_robo_noche": 0.03877, "riesgo_hurto_noche": 0.03448, "riesgo_lesiones_noche": 0.02081, "riesgo_amenazas_noche": 0.01853, "riesgo_madrugada": 0.06059, "riesgo_total_madrugada": 1.1512, "riesgo_robo_madrugada": 0.03098, "riesgo_hurto_madrugada": 0.0129, "riesgo_lesiones_madrugada": 0.01073, "riesgo_amenazas_madrugada": 0.00366, "delitos_robo": 1690, "delitos_hurto": 1216, "delitos_lesiones": 676, "delitos_amenazas": 641, "delitos_vialidad": 321, "delitos_homicidios": 5}, "geometry": {"type": "Polygon", "coordinates": [[[-58.46443135241803, -34.66005337230465], [-58.465458187323875, -34.66108172162851], [-58.46845313748007, -34.66365980439246], [-58.468703879136754, -34.66379023701691], [-58.46923960181039, -34.663880624722], [-58.469642469368985, -34.663657657043984], [-58.4701952859408, -34.66361342263768], [-58.47039491013847, -34.663774315214575], [-58.47046282373296, -34.66411930273158], [-58.47036682491581, -34.664442555919614], [-58.470163184002615, -34.66467284339686], [-58.464769544687, -34.66888316983116], [-58.46364948699102, -34.66915867501012], [-58.463227842900615, -34.669392332351755], [-58.46225858826045, -34.67062233178063], [-58.459933287183574, -34.67267231934712], [-58.459547712499315, -34.67353843847765], [-58.45922813825094, -34.67373194956593], [-58.458517637231985, -34.67385794380014], [-58.4577283805286, -34.674385766032614], [-58.450941232228246, -34.6797031692977], [-58.45064264818733, -34.68004187164535], [-58.45542464567583, -34.684479255558244], [-58.45777548388377, -34.68645790898235], [-58.459007580359675, -34.6877656361488], [-58.46339691106342, -34.69179543340202], [-58.47579768958468, -34.682141400146115], [-58.48335535334125, -34.688958024352246], [-58.50252527504022, -34.674512432484036], [-58.49912702067697, -34.67263991821396], [-58.497039525153696, -34.67118424077124], [-58.495872835698606, -34.670199554601616], [-58.49360839696026, -34.66796625620081], [-58.4917615554893, -34.66601148082468], [-58.48895242145444, -34.663352443245614], [-58.485945451344016, -34.66245218909218], [-58.478818293732544, -34.65784856050759], [-58.47251602641475, -34.66277676243772], [-58.47057138882731, -34.658430914433694], [-58.46955682463585, -34.65910942700471], [-58.46765625455309, -34.65751952387692], [-58.46443135241803, -34.66005337230465]]]}}, {"type": "Feature", "properties": {"nombre": "Villa Luro", "comuna": 10, "n_hex": 6, "delitos_2025": 1230, "poblacion": 32502, "presion_visitantes": 0.333, "riesgo_manana": 0.27023, "riesgo_total_manana": 1.6214, "riesgo_robo_manana": 0.08042, "riesgo_hurto_manana": 0.09902, "riesgo_lesiones_manana": 0.01382, "riesgo_amenazas_manana": 0.01476, "riesgo_tarde": 0.26934, "riesgo_total_tarde": 1.616, "riesgo_robo_tarde": 0.08759, "riesgo_hurto_tarde": 0.1005, "riesgo_lesiones_tarde": 0.02009, "riesgo_amenazas_tarde": 0.02245, "riesgo_noche": 0.09289, "riesgo_total_noche": 0.5573, "riesgo_robo_noche": 0.03211, "riesgo_hurto_noche": 0.04301, "riesgo_lesiones_noche": 0.00797, "riesgo_amenazas_noche": 0.00912, "riesgo_madrugada": 0.03834, "riesgo_total_madrugada": 0.23, "riesgo_robo_madrugada": 0.01709, "riesgo_hurto_madrugada": 0.01198, "riesgo_lesiones_madrugada": 0.00431, "riesgo_amenazas_madrugada": 0.00176, "delitos_robo": 357, "delitos_hurto": 564, "delitos_lesiones": 89, "delitos_amenazas": 94, "delitos_vialidad": 126, "delitos_homicidios": 0}, "geometry": {"type": "Polygon", "coordinates": [[[-58.511650888646365, -34.62428368328802], [-58.501041827893275, -34.63221258363816], [-58.49997709399455, -34.631781354739594], [-58.493799186646164, -34.63665141386853], [-58.49311624365684, -34.63651806034269], [-58.4933197826148, -34.636968225841315], [-58.4878058178683, -34.641304498245816], [-58.49530206457031, -34.644852439732254], [-58.497137425921906, -34.64341397409882], [-58.50229906905261, -34.645822663501455], [-58.50982153516652, -34.640013005499306], [-58.5105089194381, -34.63737563432314], [-58.50567176664867, -34.63672260169123], [-58.50681882923088, -34.635817173289944], [-58.506961156796464, -34.63589571517499], [-58.50765103216557, -34.635895889023416], [-58.50882986433573, -34.63555819755925], [-58.51067004306652, -34.6348222783488], [-58.50838775113027, -34.63460419727518], [-58.51638139211022, -34.628455283944646], [-58.511650888646365, -34.62428368328802]]]}}, {"type": "Feature", "properties": {"nombre": "Villa Ortuzar", "comuna": 15, "n_hex": 2, "delitos_2025": 649, "poblacion": 21736, "presion_visitantes": 0.521, "riesgo_manana": 0.19998, "riesgo_total_manana": 0.4, "riesgo_robo_manana": 0.06025, "riesgo_hurto_manana": 0.07769, "riesgo_lesiones_manana": 0.01576, "riesgo_amenazas_manana": 0.01498, "riesgo_tarde": 0.21123, "riesgo_total_tarde": 0.4225, "riesgo_robo_tarde": 0.06685, "riesgo_hurto_tarde": 0.07888, "riesgo_lesiones_tarde": 0.02004, "riesgo_amenazas_tarde": 0.02241, "riesgo_noche": 0.06918, "riesgo_total_noche": 0.1384, "riesgo_robo_noche": 0.02321, "riesgo_hurto_noche": 0.02361, "riesgo_lesiones_noche": 0.00914, "riesgo_amenazas_noche": 0.00949, "riesgo_madrugada": 0.03051, "riesgo_total_madrugada": 0.061, "riesgo_robo_madrugada": 0.01191, "riesgo_hurto_madrugada": 0.00873, "riesgo_lesiones_madrugada": 0.00447, "riesgo_amenazas_madrugada": 0.00279, "delitos_robo": 217, "delitos_hurto": 248, "delitos_lesiones": 51, "delitos_amenazas": 55, "delitos_vialidad": 78, "delitos_homicidios": 0}, "geometry": {"type": "Polygon", "coordinates": [[[-58.46736584353383, -34.57250216497175], [-58.463188835027395, -34.575111026455005], [-58.46022666634013, -34.578301110897925], [-58.46052951885691, -34.57830048444562], [-58.46053738753947, -34.58494962257082], [-58.460380575719334, -34.585533343699815], [-58.46146554758032, -34.58583891893796], [-58.46187191205059, -34.58604784394367], [-58.46307613137424, -34.58707055876432], [-58.4668296389597, -34.59059866771143], [-58.47080588198998, -34.58746561988161], [-58.473649006334014, -34.58206733152368], [-58.47357199750379, -34.58177078266166], [-58.473996177957986, -34.58163278669956], [-58.475425280413276, -34.57996417063962], [-58.4789890918047, -34.579130861790425], [-58.46736584353383, -34.57250216497175]]]}}, {"type": "Feature", "properties": {"nombre": "Villa Pueyrredon", "comuna": 12, "n_hex": 5, "delitos_2025": 1271, "poblacion": 39654, "presion_visitantes": 0.188, "riesgo_manana": 0.20662, "riesgo_total_manana": 1.0331, "riesgo_robo_manana": 0.06903, "riesgo_hurto_manana": 0.07885, "riesgo_lesiones_manana": 0.00863, "riesgo_amenazas_manana": 0.01013, "riesgo_tarde": 0.21098, "riesgo_total_tarde": 1.0549, "riesgo_robo_tarde": 0.06965, "riesgo_hurto_tarde": 0.08385, "riesgo_lesiones_tarde": 0.01239, "riesgo_amenazas_tarde": 0.01583, "riesgo_noche": 0.06874, "riesgo_total_noche": 0.3437, "riesgo_robo_noche": 0.02378, "riesgo_hurto_noche": 0.03429, "riesgo_lesiones_noche": 0.00572, "riesgo_amenazas_noche": 0.00777, "riesgo_madrugada": 0.02177, "riesgo_total_madrugada": 0.1089, "riesgo_robo_madrugada": 0.00904, "riesgo_hurto_madrugada": 0.00815, "riesgo_lesiones_madrugada": 0.00209, "riesgo_amenazas_madrugada": 0.00106, "delitos_robo": 408, "delitos_hurto": 571, "delitos_lesiones": 66, "delitos_amenazas": 86, "delitos_vialidad": 140, "delitos_homicidios": 0}, "geometry": {"type": "Polygon", "coordinates": [[[-58.509522005772276, -34.56967495439814], [-58.50294682051181, -34.57355539288117], [-58.49324592919408, -34.581029288351786], [-58.48879415727158, -34.58482403134742], [-58.50347172005461, -34.593959253914015], [-58.51451630813752, -34.58175028280111], [-58.5149702127839, -34.58132249506749], [-58.51553576857417, -34.58127414707185], [-58.50987529313918, -34.56927135042903], [-58.509522005772276, -34.56967495439814]]]}}, {"type": "Feature", "properties": {"nombre": "Villa Real", "comuna": 10, "n_hex": 3, "delitos_2025": 541, "poblacion": 13419, "presion_visitantes": 0.083, "riesgo_manana": 0.17705, "riesgo_total_manana": 0.5311, "riesgo_robo_manana": 0.05743, "riesgo_hurto_manana": 0.05727, "riesgo_lesiones_manana": 0.00999, "riesgo_amenazas_manana": 0.01148, "riesgo_tarde": 0.17381, "riesgo_total_tarde": 0.5214, "riesgo_robo_tarde": 0.05503, "riesgo_hurto_tarde": 0.06594, "riesgo_lesiones_tarde": 0.01498, "riesgo_amenazas_tarde": 0.01659, "riesgo_noche": 0.06013, "riesgo_total_noche": 0.1804, "riesgo_robo_noche": 0.02467, "riesgo_hurto_noche": 0.02384, "riesgo_lesiones_noche": 0.0066, "riesgo_amenazas_noche": 0.00575, "riesgo_madrugada": 0.02709, "riesgo_total_madrugada": 0.0813, "riesgo_robo_madrugada": 0.01457, "riesgo_hurto_madrugada": 0.00707, "riesgo_lesiones_madrugada": 0.00326, "riesgo_amenazas_madrugada": 0.00135, "delitos_robo": 187, "delitos_hurto": 182, "delitos_lesiones": 37, "delitos_amenazas": 34, "delitos_vialidad": 101, "delitos_homicidios": 0}, "geometry": {"type": "Polygon", "coordinates": [[[-58.51694927550722, -34.62022036334769], [-58.521635611223, -34.624410163269395], [-58.52283093215203, -34.62349133570336], [-58.53080139093531, -34.62752785072713], [-58.53151730936994, -34.61549898106118], [-58.52946768490281, -34.61090106159128], [-58.52561317802312, -34.6136678532898], [-58.5251130050647, -34.614006633413766], [-58.52505931336877, -34.61396792747937], [-58.51694927550722, -34.62022036334769]]]}}, {"type": "Feature", "properties": {"nombre": "Villa Riachuelo", "comuna": 8, "n_hex": 8, "delitos_2025": 701, "poblacion": 14084, "presion_visitantes": 0.062, "riesgo_manana": 0.08728, "riesgo_total_manana": 0.6982, "riesgo_robo_manana": 0.02603, "riesgo_hurto_manana": 0.03491, "riesgo_lesiones_manana": 0.00642, "riesgo_amenazas_manana": 0.00754, "riesgo_tarde": 0.09575, "riesgo_total_tarde": 0.766, "riesgo_robo_tarde": 0.02697, "riesgo_hurto_tarde": 0.03889, "riesgo_lesiones_tarde": 0.01133, "riesgo_amenazas_tarde": 0.0115, "riesgo_noche": 0.0332, "riesgo_total_noche": 0.2656, "riesgo_robo_noche": 0.01138, "riesgo_hurto_noche": 0.01848, "riesgo_lesiones_noche": 0.00377, "riesgo_amenazas_noche": 0.00549, "riesgo_madrugada": 0.02189, "riesgo_total_madrugada": 0.1751, "riesgo_robo_madrugada": 0.00834, "riesgo_hurto_madrugada": 0.00556, "riesgo_lesiones_madrugada": 0.00195, "riesgo_amenazas_madrugada": 0.001, "delitos_robo": 182, "delitos_hurto": 290, "delitos_lesiones": 48, "delitos_amenazas": 57, "delitos_vialidad": 124, "delitos_homicidios": 0}, "geometry": {"type": "Polygon", "coordinates": [[[-58.444297055272806, -34.6849354941557], [-58.45376593316049, -34.696230508807844], [-58.45887537661203, -34.70223041290475], [-58.46103404160651, -34.704615586866936], [-58.4615856913617, -34.705355483937794], [-58.48335535334125, -34.688958024352246], [-58.47579768958468, -34.682141400146115], [-58.46339691106342, -34.69179543340202], [-58.459007580359675, -34.6877656361488], [-58.45828927506318, -34.68694018533299], [-58.45750882917245, -34.686212403088696], [-58.45542464567583, -34.684479255558244], [-58.4511433154013, -34.680541264397036], [-58.45116623399186, -34.68075200023294], [-58.450967203646435, -34.68086718592671], [-58.450666064069175, -34.68075527472058], [-58.45032035588323, -34.68043190965641], [-58.4499365621134, -34.68050468502882], [-58.444297055272806, -34.6849354941557]]]}}, {"type": "Feature", "properties": {"nombre": "Villa Santa Rita", "comuna": 11, "n_hex": 4, "delitos_2025": 985, "poblacion": 33325, "presion_visitantes": 0.271, "riesgo_manana": 0.26821, "riesgo_total_manana": 1.0728, "riesgo_robo_manana": 0.08872, "riesgo_hurto_manana": 0.10789, "riesgo_lesiones_manana": 0.01648, "riesgo_amenazas_manana": 0.01817, "riesgo_tarde": 0.27958, "riesgo_total_tarde": 1.1183, "riesgo_robo_tarde": 0.09967, "riesgo_hurto_tarde": 0.11756, "riesgo_lesiones_tarde": 0.02194, "riesgo_amenazas_tarde": 0.02699, "riesgo_noche": 0.10286, "riesgo_total_noche": 0.4115, "riesgo_robo_noche": 0.04009, "riesgo_hurto_noche": 0.04612, "riesgo_lesiones_noche": 0.00931, "riesgo_amenazas_noche": 0.01161, "riesgo_madrugada": 0.03813, "riesgo_total_madrugada": 0.1525, "riesgo_robo_madrugada": 0.01812, "riesgo_hurto_madrugada": 0.01335, "riesgo_lesiones_madrugada": 0.0045, "riesgo_amenazas_madrugada": 0.0021, "delitos_robo": 338, "delitos_hurto": 419, "delitos_lesiones": 57, "delitos_amenazas": 90, "delitos_vialidad": 81, "delitos_homicidios": 0}, "geometry": {"type": "Polygon", "coordinates": [[[-58.47162221904028, -34.61916024381256], [-58.47879986222602, -34.622915363601564], [-58.4827431937344, -34.62463474854925], [-58.49478574974895, -34.61502120054688], [-58.492265631516, -34.61286602215446], [-58.488654711025085, -34.61014129559625], [-58.48041105702701, -34.608131997735114], [-58.47162221904028, -34.61916024381256]]]}}, {"type": "Feature", "properties": {"nombre": "Villa Soldati", "comuna": 8, "n_hex": 17, "delitos_2025": 3149, "poblacion": 46779, "presion_visitantes": 0.292, "riesgo_manana": 0.14025, "riesgo_total_manana": 2.3842, "riesgo_robo_manana": 0.06381, "riesgo_hurto_manana": 0.03728, "riesgo_lesiones_manana": 0.0135, "riesgo_amenazas_manana": 0.01361, "riesgo_tarde": 0.1876, "riesgo_total_tarde": 3.1892, "riesgo_robo_tarde": 0.09454, "riesgo_hurto_tarde": 0.03219, "riesgo_lesiones_tarde": 0.02037, "riesgo_amenazas_tarde": 0.01906, "riesgo_noche": 0.08291, "riesgo_total_noche": 1.4095, "riesgo_robo_noche": 0.03654, "riesgo_hurto_noche": 0.0124, "riesgo_lesiones_noche": 0.00891, "riesgo_amenazas_noche": 0.00985, "riesgo_madrugada": 0.04031, "riesgo_total_madrugada": 0.6853, "riesgo_robo_madrugada": 0.02714, "riesgo_hurto_madrugada": 0.00574, "riesgo_lesiones_madrugada": 0.00414, "riesgo_amenazas_madrugada": 0.00221, "delitos_robo": 1499, "delitos_hurto": 813, "delitos_lesiones": 341, "delitos_amenazas": 326, "delitos_vialidad": 169, "delitos_homicidios": 1}, "geometry": {"type": "Polygon", "coordinates": [[[-58.43443587935198, -34.653117109717876], [-58.42674830161659, -34.65867794737795], [-58.424043891438195, -34.6620516470974], [-58.424433695840406, -34.662394804770514], [-58.42577390515153, -34.66328083867108], [-58.427398015284574, -34.66488252103516], [-58.4291292930673, -34.667038188936814], [-58.43011743290352, -34.668082057691215], [-58.432327594570644, -34.67067508614461], [-58.444297055272806, -34.6849354941557], [-58.4499365621134, -34.68050468502882], [-58.45032035588323, -34.68043190965641], [-58.45079078532559, -34.68083528686347], [-58.45109952848126, -34.68082165457722], [-58.45119003678993, -34.680653744348106], [-58.4511433154013, -34.680541264397036], [-58.45064264818733, -34.68004187164535], [-58.45077728329087, -34.679841885070914], [-58.4577283805286, -34.674385766032614], [-58.458517637231985, -34.67385794380014], [-58.45922813825094, -34.67373194956593], [-58.459547712499315, -34.67353843847765], [-58.459933287183574, -34.67267231934712], [-58.46225858826045, -34.67062233178063], [-58.463227842900615, -34.669392332351755], [-58.46364948699102, -34.66915867501012], [-58.464769544687, -34.66888316983116], [-58.470163184002615, -34.66467284339686], [-58.470412657555066, -34.66437390434965], [-58.47046282373296, -34.66411930273158], [-58.47039491013847, -34.663774315214575], [-58.4701952859408, -34.66361342263768], [-58.469642469368985, -34.663657657043984], [-58.46923960181039, -34.663880624722], [-58.468703879136754, -34.66379023701691], [-58.46845313748007, -34.66365980439246], [-58.465458187323875, -34.66108172162851], [-58.46443135241803, -34.66005337230465], [-58.46158151873423, -34.65788256463881], [-58.45920172186271, -34.655771270843466], [-58.45532591736092, -34.65253657674451], [-58.454943494126084, -34.65216880187237], [-58.45486204281281, -34.651994569916], [-58.454637785811585, -34.65082722194171], [-58.45197634999113, -34.65108263970347], [-58.44882995498072, -34.65117920902863], [-58.44462216107317, -34.6509521566124], [-58.444408154941804, -34.65106980065697], [-58.44332595519617, -34.65119399460118], [-58.44320672978553, -34.65157876647846], [-58.4429536405165, -34.65190175551869], [-58.43800770262315, -34.65580743858055], [-58.43443587935198, -34.653117109717876]]]}}, {"type": "Feature", "properties": {"nombre": "Villa Urquiza", "comuna": 12, "n_hex": 12, "delitos_2025": 2637, "poblacion": 91563, "presion_visitantes": 0.708, "riesgo_manana": 0.24097, "riesgo_total_manana": 2.8917, "riesgo_robo_manana": 0.08258, "riesgo_hurto_manana": 0.08536, "riesgo_lesiones_manana": 0.01094, "riesgo_amenazas_manana": 0.01437, "riesgo_tarde": 0.2672, "riesgo_total_tarde": 3.2064, "riesgo_robo_tarde": 0.08473, "riesgo_hurto_tarde": 0.10641, "riesgo_lesiones_tarde": 0.01814, "riesgo_amenazas_tarde": 0.0205, "riesgo_noche": 0.08781, "riesgo_total_noche": 1.0537, "riesgo_robo_noche": 0.03231, "riesgo_hurto_noche": 0.04212, "riesgo_lesiones_noche": 0.00754, "riesgo_amenazas_noche": 0.00902, "riesgo_madrugada": 0.03071, "riesgo_total_madrugada": 0.3685, "riesgo_robo_madrugada": 0.01358, "riesgo_hurto_madrugada": 0.01132, "riesgo_lesiones_madrugada": 0.00341, "riesgo_amenazas_madrugada": 0.0018, "delitos_robo": 854, "delitos_hurto": 1164, "delitos_lesiones": 183, "delitos_amenazas": 202, "delitos_vialidad": 232, "delitos_homicidios": 2}, "geometry": {"type": "Polygon", "coordinates": [[[-58.47298985538144, -34.56644167936269], [-58.473369827681005, -34.56666768335336], [-58.46808280219982, -34.57291482378605], [-58.47865631576918, -34.57893428064965], [-58.48879415727158, -34.58482403134742], [-58.49324592919408, -34.581029288351786], [-58.50294682051181, -34.57355539288117], [-58.509040472963434, -34.5700034273427], [-58.508818013763744, -34.56951523458638], [-58.508604690846106, -34.56939834027656], [-58.49193073985506, -34.56130800638878], [-58.49099191533611, -34.56265698478033], [-58.48356069364174, -34.559110690163635], [-58.481158790036574, -34.562505949660874], [-58.480226564425294, -34.56324201010736], [-58.48037548621606, -34.56332253736463], [-58.47972271923264, -34.56370221191023], [-58.479056043770115, -34.563938290888], [-58.47931307019033, -34.564072063591475], [-58.476191428604125, -34.56685530882533], [-58.47512490453529, -34.56622484032976], [-58.47459578878941, -34.56681680648164], [-58.47298985538144, -34.56644167936269]]]}}]}