{"type": "FeatureCollection", "features": [{"type": "Feature", "geometry": {"type": "Polygon", "coordinates": [[[-58.45526828058801, -34.549803319247935], [-58.45127282510407, -34.5479210957025], [-58.45202319627181, -34.54407189555848], [-58.456768891256864, -34.542105023162854], [-58.46076410690642, -34.543987349561284], [-58.46001386740918, -34.54783644549364], [-58.45526828058801, -34.549803319247935]]]}, "properties": {"hex_id": "88c2e30201fffff", "barrio": "Nu\u00f1ez", "comuna": 13, "riesgo_manana": 0.2014, "riesgo_tarde": 0.3711, "riesgo_noche": 0.1201, "riesgo_madrugada": 0.0243}}, {"type": "Feature", "geometry": {"type": "Polygon", "coordinates": [[[-58.46076410690642, -34.543987349561284], [-58.456768891256864, -34.542105023162854], [-58.45751917094394, -34.53825546573733], [-58.46226453460742, -34.53628833898137], [-58.466259510374115, -34.53817076828256], [-58.465509362364024, -34.54202022142823], [-58.46076410690642, -34.543987349561284]]]}, "properties": {"hex_id": "88c2e30203fffff", "barrio": "Nu\u00f1ez", "comuna": 13, "riesgo_manana": 0.1285, "riesgo_tarde": 0.1503, "riesgo_noche": 0.0483, "riesgo_madrugada": 0.0106}}, {"type": "Feature", "geometry": {"type": "Polygon", "coordinates": [[[-58.44652679884781, -34.549887713613124], [-58.442531035670044, -34.54800513001684], [-58.44328153849316, -34.54415582570368], [-58.44802767284254, -34.54218920914724], [-58.45202319627181, -34.54407189555848], [-58.45127282510407, -34.5479210957025], [-58.44652679884781, -34.549887713613124]]]}, "properties": {"hex_id": "88c2e30205fffff", "barrio": "Belgrano", "comuna": 13, "riesgo_manana": 0.095, "riesgo_tarde": 0.353, "riesgo_noche": 0.1377, "riesgo_madrugada": 0.0079}}, {"type": "Feature", "geometry": {"type": "Polygon", "coordinates": [[[-58.45202319627181, -34.54407189555848], [-58.44802767284254, -34.54218920914724], [-58.44877808419145, -34.53833954748441], [-58.453523887311654, -34.5363726764614], [-58.45751917094394, -34.53825546573733], [-58.456768891256864, -34.542105023162854], [-58.45202319627181, -34.54407189555848]]]}, "properties": {"hex_id": "88c2e30207fffff", "barrio": "Belgrano", "comuna": 13, "riesgo_manana": 0.0298, "riesgo_tarde": 0.0519, "riesgo_noche": 0.0096, "riesgo_madrugada": 0.0036}}, {"type": "Feature", "geometry": {"type": "Polygon", "coordinates": [[[-58.45851333711961, -34.555533818604594], [-58.45451794960557, -34.55365205789207], [-58.45526828058801, -34.549803319247935], [-58.46001386740918, -34.54783644549364], [-58.46400901505138, -34.54971830904742], [-58.46325881574811, -34.553566943505544], [-58.45851333711961, -34.555533818604594]]]}, "properties": {"hex_id": "88c2e30209fffff", "barrio": "Nu\u00f1ez", "comuna": 13, "riesgo_manana": 0.3168, "riesgo_tarde": 0.4256, "riesgo_noche": 0.1214, "riesgo_madrugada": 0.0461}}, {"type": "Feature", "geometry": {"type": "Polygon", "coordinates": [[[-58.46400901505138, -34.54971830904742], [-58.46001386740918, -34.54783644549364], [-58.46076410690642, -34.543987349561284], [-58.465509362364024, -34.54202022142823], [-58.46950427008592, -34.54390218787306], [-58.468754162274365, -34.54775117955121], [-58.46400901505138, -34.54971830904742]]]}, "properties": {"hex_id": "88c2e3020bfffff", "barrio": "Nu\u00f1ez", "comuna": 13, "riesgo_manana": 0.2674, "riesgo_tarde": 0.3265, "riesgo_noche": 0.103, "riesgo_madrugada": 0.034}}, {"type": "Feature", "geometry": {"type": "Polygon", "coordinates": [[[-58.44977203147125, -34.55561867714296], [-58.44577633620131, -34.55373655640076], [-58.44652679884781, -34.549887713613124], [-58.45127282510407, -34.5479210957025], [-58.45526828058801, -34.549803319247935], [-58.45451794960557, -34.55365205789207], [-58.44977203147125, -34.55561867714296]]]}, "properties": {"hex_id": "88c2e3020dfffff", "barrio": "Belgrano", "comuna": 13, "riesgo_manana": 0.2788, "riesgo_tarde": 0.3871, "riesgo_noche": 0.114, "riesgo_madrugada": 0.0317}}, {"type": "Feature", "geometry": {"type": "Polygon", "coordinates": [[[-58.46950427008592, -34.54390218787306], [-58.465509362364024, -34.54202022142823], [-58.466259510374115, -34.53817076828256], [-58.47100443441781, -34.53620338589541], [-58.47499910217104, -34.53808545528107], [-58.47424908585309, -34.54193480410435], [-58.46950427008592, -34.54390218787306]]]}, "properties": {"hex_id": "88c2e3021dfffff", "barrio": "Nu\u00f1ez", "comuna": 13, "riesgo_manana": 0.2459, "riesgo_tarde": 0.2529, "riesgo_noche": 0.079, "riesgo_madrugada": 0.0448}}, {"type": "Feature", "geometry": {"type": "Polygon", "coordinates": [[[-58.437784570141915, -34.54997149198207], [-58.4337884994184, -34.54808854827574], [-58.43453913388167, -34.544239139835994], [-58.43928570743218, -34.542272779220454], [-58.44328153849316, -34.54415582570368], [-58.442531035670044, -34.54800513001684], [-58.437784570141915, -34.54997149198207]]]}, "properties": {"hex_id": "88c2e30229fffff", "barrio": "Belgrano", "comuna": 13, "riesgo_manana": 0.0314, "riesgo_tarde": 0.0562, "riesgo_noche": 0.0124, "riesgo_madrugada": 0.0056}}, {"type": "Feature", "geometry": {"type": "Polygon", "coordinates": [[[-58.44328153849316, -34.54415582570368], [-58.43928570743218, -34.542272779220454], [-58.44003625042776, -34.538423013362845], [-58.44478249284152, -34.53645639817453], [-58.44877808419145, -34.53833954748441], [-58.44802767284254, -34.54218920914724], [-58.44328153849316, -34.54415582570368]]]}, "properties": {"hex_id": "88c2e3022bfffff", "barrio": "Belgrano", "comuna": 13, "riesgo_manana": 0.0166, "riesgo_tarde": 0.0255, "riesgo_noche": 0.0052, "riesgo_madrugada": 0.0019}}, {"type": "Feature", "geometry": {"type": "Polygon", "coordinates": [[[-58.454274207184405, -34.53252265752377], [-58.45027885559397, -34.53063940533751], [-58.45102921564826, -34.52678892486892], [-58.455774795637176, -34.52482180090906], [-58.459769907419606, -34.526705156021464], [-58.45901967902497, -34.5305555321589], [-58.454274207184405, -34.53252265752377]]]}, "properties": {"hex_id": "88c2e30231fffff", "barrio": "Nu\u00f1ez", "comuna": 13, "riesgo_manana": 0.0015, "riesgo_tarde": 0.0019, "riesgo_noche": 0.0007, "riesgo_madrugada": 0.0001}}, {"type": "Feature", "geometry": {"type": "Polygon", "coordinates": [[[-58.45751917094394, -34.53825546573733], [-58.453523887311654, -34.5363726764614], [-58.454274207184405, -34.53252265752377], [-58.45901967902497, -34.5305555321589], [-58.463014722811835, -34.53243842434927], [-58.46226453460742, -34.53628833898137], [-58.45751917094394, -34.53825546573733]]]}, "properties": {"hex_id": "88c2e30239fffff", "barrio": "Nu\u00f1ez", "comuna": 13, "riesgo_manana": 0.0058, "riesgo_tarde": 0.0081, "riesgo_noche": 0.0024, "riesgo_madrugada": 0.0001}}, {"type": "Feature", "geometry": {"type": "Polygon", "coordinates": [[[-58.45626241344264, -34.567077831271455], [-58.45226685406226, -34.565196636138666], [-58.45301723634301, -34.561348716345094], [-58.45776304632665, -34.55938209576783], [-58.46175836584616, -34.56126339368037], [-58.461008115246784, -34.56511120938173], [-58.45626241344264, -34.567077831271455]]]}, "properties": {"hex_id": "88c2e30241fffff", "barrio": "Belgrano", "comuna": 13, "riesgo_manana": 0.7264, "riesgo_tarde": 1.0988, "riesgo_noche": 0.1735, "riesgo_madrugada": 0.0811}}, {"type": "Feature", "geometry": {"type": "Polygon", "coordinates": [[[-58.46175836584616, -34.56126339368037], [-58.45776304632665, -34.55938209576783], [-58.45851333711961, -34.555533818604594], [-58.46325881574811, -34.553566943505544], [-58.46725389535833, -34.55544834424762], [-58.46650373625322, -34.559296517250516], [-58.46175836584616, -34.56126339368037]]]}, "properties": {"hex_id": "88c2e30243fffff", "barrio": "Belgrano", "comuna": 13, "riesgo_manana": 0.6271, "riesgo_tarde": 0.8437, "riesgo_noche": 0.1786, "riesgo_madrugada": 0.0749}}, {"type": "Feature", "geometry": {"type": "Polygon", "coordinates": [[[-58.4475207127739, -34.567163002069606], [-58.44352484566149, -34.56528144689025], [-58.44427535960848, -34.56143342304699], [-58.44902160900555, -34.55946705842406], [-58.45301723634301, -34.561348716345094], [-58.45226685406226, -34.565196636138666], [-58.4475207127739, -34.567163002069606]]]}, "properties": {"hex_id": "88c2e30245fffff", "barrio": "Belgrano", "comuna": 13, "riesgo_manana": 0.2209, "riesgo_tarde": 0.3094, "riesgo_noche": 0.055, "riesgo_madrugada": 0.0222}}, {"type": "Feature", "geometry": {"type": "Polygon", "coordinates": [[[-58.45301723634301, -34.561348716345094], [-58.44902160900555, -34.55946705842406], [-58.44977203147125, -34.55561867714296], [-58.45451794960557, -34.55365205789207], [-58.45851333711961, -34.555533818604594], [-58.45776304632665, -34.55938209576783], [-58.45301723634301, -34.561348716345094]]]}, "properties": {"hex_id": "88c2e30247fffff", "barrio": "Belgrano", "comuna": 13, "riesgo_manana": 0.5234, "riesgo_tarde": 0.9711, "riesgo_noche": 0.1669, "riesgo_madrugada": 0.0591}}, {"type": "Feature", "geometry": {"type": "Polygon", "coordinates": [[[-58.459507562749636, -34.57280602197407], [-58.45551207135097, -34.570925289596545], [-58.45626241344264, -34.567077831271455], [-58.461008115246784, -34.56511120938173], [-58.465003366747155, -34.566992044527254], [-58.46425315634557, -34.570839398785814], [-58.459507562749636, -34.57280602197407]]]}, "properties": {"hex_id": "88c2e30249fffff", "barrio": "Belgrano", "comuna": 13, "riesgo_manana": 0.2622, "riesgo_tarde": 0.3279, "riesgo_noche": 0.0752, "riesgo_madrugada": 0.0362}}, {"type": "Feature", "geometry": {"type": "Polygon", "coordinates": [[[-58.465003366747155, -34.566992044527254], [-58.461008115246784, -34.56511120938173], [-58.46175836584616, -34.56126339368037], [-58.46650373625322, -34.559296517250516], [-58.470498747806865, -34.56117745521384], [-58.46974862890405, -34.56502516678051], [-58.465003366747155, -34.566992044527254]]]}, "properties": {"hex_id": "88c2e3024bfffff", "barrio": "Belgrano", "comuna": 13, "riesgo_manana": 0.4131, "riesgo_tarde": 0.4672, "riesgo_noche": 0.1155, "riesgo_madrugada": 0.0492}}, {"type": "Feature", "geometry": {"type": "Polygon", "coordinates": [[[-58.45076603820009, -34.57289165682159], [-58.4467702390073, -34.57101056441873], [-58.4475207127739, -34.567163002069606], [-58.45226685406226, -34.565196636138666], [-58.45626241344264, -34.567077831271455], [-58.45551207135097, -34.570925289596545], [-58.45076603820009, -34.57289165682159]]]}, "properties": {"hex_id": "88c2e3024dfffff", "barrio": "Colegiales", "comuna": 13, "riesgo_manana": 0.4351, "riesgo_tarde": 0.5387, "riesgo_noche": 0.1266, "riesgo_madrugada": 0.0528}}, {"type": "Feature", "geometry": {"type": "Polygon", "coordinates": [[[-58.475993705876505, -34.55536225423315], [-58.471998934317966, -34.55348121340222], [-58.472749001926886, -34.54963268317264], [-58.47749370938874, -34.54766529803629], [-58.48148824090379, -34.54954644178463], [-58.48073830500431, -34.55339486774317], [-58.475993705876505, -34.55536225423315]]]}, "properties": {"hex_id": "88c2e30251fffff", "barrio": "Saavedra", "comuna": 12, "riesgo_manana": 0.2097, "riesgo_tarde": 0.2129, "riesgo_noche": 0.0504, "riesgo_madrugada": 0.0285}}, {"type": "Feature", "geometry": {"type": "Polygon", "coordinates": [[[-58.48148824090379, -34.54954644178463], [-58.47749370938874, -34.54766529803629], [-58.47824368549953, -34.543816410654856], [-58.48298806141334, -34.54184877135228], [-58.48698235283654, -34.54373001806777], [-58.48623250844164, -34.54757880110997], [-58.48148824090379, -34.54954644178463]]]}, "properties": {"hex_id": "88c2e30253fffff", "barrio": "Saavedra", "comuna": 12, "riesgo_manana": 0.2467, "riesgo_tarde": 0.2482, "riesgo_noche": 0.075, "riesgo_madrugada": 0.0344}}, {"type": "Feature", "geometry": {"type": "Polygon", "coordinates": [[[-58.46725389535833, -34.55544834424762], [-58.46325881574811, -34.553566943505544], [-58.46400901505138, -34.54971830904742], [-58.468754162274365, -34.54775117955121], [-58.472749001926886, -34.54963268317264], [-58.471998934317966, -34.55348121340222], [-58.46725389535833, -34.55544834424762]]]}, "properties": {"hex_id": "88c2e30255fffff", "barrio": "Nu\u00f1ez", "comuna": 13, "riesgo_manana": 0.4778, "riesgo_tarde": 0.5764, "riesgo_noche": 0.1219, "riesgo_madrugada": 0.0845}}, {"type": "Feature", "geometry": {"type": "Polygon", "coordinates": [[[-58.472749001926886, -34.54963268317264], [-58.468754162274365, -34.54775117955121], [-58.46950427008592, -34.54390218787306], [-58.47424908585309, -34.54193480410435], [-58.47824368549953, -34.543816410654856], [-58.47749370938874, -34.54766529803629], [-58.472749001926886, -34.54963268317264]]]}, "properties": {"hex_id": "88c2e30257fffff", "barrio": "Saavedra", "comuna": 12, "riesgo_manana": 0.3455, "riesgo_tarde": 0.3446, "riesgo_noche": 0.0917, "riesgo_madrugada": 0.0424}}, {"type": "Feature", "geometry": {"type": "Polygon", "coordinates": [[[-58.47923838191431, -34.56109090110659], [-58.47524367847438, -34.559210323033184], [-58.475993705876505, -34.55536225423315], [-58.48073830500431, -34.55339486774317], [-58.48473276836337, -34.55527554872227], [-58.48398287267934, -34.55912351327695], [-58.47923838191431, -34.56109090110659]]]}, "properties": {"hex_id": "88c2e30259fffff", "barrio": "Coghlan", "comuna": 12, "riesgo_manana": 0.2323, "riesgo_tarde": 0.2305, "riesgo_noche": 0.0591, "riesgo_madrugada": 0.0306}}, {"type": "Feature", "geometry": {"type": "Polygon", "coordinates": [[[-58.48473276836337, -34.55527554872227], [-58.48073830500431, -34.55339486774317], [-58.48148824090379, -34.54954644178463], [-58.48623250844164, -34.54757880110997], [-58.490226731671484, -34.54945958504453], [-58.48947692749654, -34.55330790668956], [-58.48473276836337, -34.55527554872227]]]}, "properties": {"hex_id": "88c2e3025bfffff", "barrio": "Saavedra", "comuna": 12, "riesgo_manana": 0.2889, "riesgo_tarde": 0.324, "riesgo_noche": 0.1018, "riesgo_madrugada": 0.053}}, {"type": "Feature", "geometry": {"type": "Polygon", "coordinates": [[[-58.470498747806865, -34.56117745521384], [-58.46650373625322, -34.559296517250516], [-58.46725389535833, -34.55544834424762], [-58.471998934317966, -34.55348121340222], [-58.475993705876505, -34.55536225423315], [-58.47524367847438, -34.559210323033184], [-58.470498747806865, -34.56117745521384]]]}, "properties": {"hex_id": "88c2e3025dfffff", "barrio": "Coghlan", "comuna": 12, "riesgo_manana": 0.2601, "riesgo_tarde": 0.2636, "riesgo_noche": 0.0741, "riesgo_madrugada": 0.0338}}, {"type": "Feature", "geometry": {"type": "Polygon", "coordinates": [[[-58.435532735953814, -34.56151751362507], [-58.43153649342458, -34.559635135509346], [-58.432287179190176, -34.55578654612011], [-58.43703397584657, -34.55382043887068], [-58.441029978724345, -34.55570291970179], [-58.4402794246011, -34.55955140505822], [-58.435532735953814, -34.56151751362507]]]}, "properties": {"hex_id": "88c2e30261fffff", "barrio": "Palermo", "comuna": 14, "riesgo_manana": 0.0508, "riesgo_tarde": 0.064, "riesgo_noche": 0.025, "riesgo_madrugada": 0.0191}}, {"type": "Feature", "geometry": {"type": "Polygon", "coordinates": [[[-58.441029978724345, -34.55570291970179], [-58.43703397584657, -34.55382043887068], [-58.437784570141915, -34.54997149198207], [-58.442531035670044, -34.54800513001684], [-58.44652679884781, -34.549887713613124], [-58.44577633620131, -34.55373655640076], [-58.441029978724345, -34.55570291970179]]]}, "properties": {"hex_id": "88c2e30263fffff", "barrio": "Belgrano", "comuna": 13, "riesgo_manana": 0.14, "riesgo_tarde": 0.1453, "riesgo_noche": 0.0507, "riesgo_madrugada": 0.0162}}, {"type": "Feature", "geometry": {"type": "Polygon", "coordinates": [[[-58.426789365690446, -34.56160098791843], [-58.42279281578752, -34.5597182496166], [-58.42354363318028, -34.555869556237056], [-58.42829086885269, -34.55390370514092], [-58.432287179190176, -34.55578654612011], [-58.43153649342458, -34.559635135509346], [-58.426789365690446, -34.56160098791843]]]}, "properties": {"hex_id": "88c2e30265fffff", "barrio": "Palermo", "comuna": 14, "riesgo_manana": 0.0529, "riesgo_tarde": 0.0756, "riesgo_noche": 0.0262, "riesgo_madrugada": 0.022}}, {"type": "Feature", "geometry": {"type": "Polygon", "coordinates": [[[-58.432287179190176, -34.55578654612011], [-58.42829086885269, -34.55390370514092], [-58.429041594781694, -34.550054654193865], [-58.4337884994184, -34.54808854827574], [-58.437784570141915, -34.54997149198207], [-58.43703397584657, -34.55382043887068], [-58.432287179190176, -34.55578654612011]]]}, "properties": {"hex_id": "88c2e30267fffff", "barrio": "Belgrano", "comuna": 13, "riesgo_manana": 0.0811, "riesgo_tarde": 0.1063, "riesgo_noche": 0.0484, "riesgo_madrugada": 0.0658}}, {"type": "Feature", "geometry": {"type": "Polygon", "coordinates": [[[-58.43877826505216, -34.567247556760655], [-58.434782090355775, -34.56536564147552], [-58.435532735953814, -34.56151751362507], [-58.4402794246011, -34.55955140505822], [-58.44427535960848, -34.56143342304699], [-58.44352484566149, -34.56528144689025], [-58.43877826505216, -34.567247556760655]]]}, "properties": {"hex_id": "88c2e30269fffff", "barrio": "Palermo", "comuna": 14, "riesgo_manana": 0.2805, "riesgo_tarde": 0.3594, "riesgo_noche": 0.0808, "riesgo_madrugada": 0.0482}}, {"type": "Feature", "geometry": {"type": "Polygon", "coordinates": [[[-58.44427535960848, -34.56143342304699], [-58.4402794246011, -34.55955140505822], [-58.441029978724345, -34.55570291970179], [-58.44577633620131, -34.55373655640076], [-58.44977203147125, -34.55561867714296], [-58.44902160900555, -34.55946705842406], [-58.44427535960848, -34.56143342304699]]]}, "properties": {"hex_id": "88c2e3026bfffff", "barrio": "Belgrano", "comuna": 13, "riesgo_manana": 0.3719, "riesgo_tarde": 0.4827, "riesgo_noche": 0.1328, "riesgo_madrugada": 0.0632}}, {"type": "Feature", "geometry": {"type": "Polygon", "coordinates": [[[-58.43003507058875, -34.56733149518366], [-58.42603858845657, -34.56544921973355], [-58.426789365690446, -34.56160098791843], [-58.43153649342458, -34.559635135509346], [-58.435532735953814, -34.56151751362507], [-58.434782090355775, -34.56536564147552], [-58.43003507058875, -34.56733149518366]]]}, "properties": {"hex_id": "88c2e3026dfffff", "barrio": "Palermo", "comuna": 14, "riesgo_manana": 0.0466, "riesgo_tarde": 0.0564, "riesgo_noche": 0.0171, "riesgo_madrugada": 0.0149}}, {"type": "Feature", "geometry": {"type": "Polygon", "coordinates": [[[-58.39830121090193, -34.57339252237736], [-58.394303568056266, -34.57150926857918], [-58.39505483155277, -34.56766108297829], [-58.39980360631535, -34.56569625493587], [-58.40380100986523, -34.5675796112358], [-58.40304987795222, -34.57142769306769], [-58.39830121090193, -34.57339252237736]]]}, "properties": {"hex_id": "88c2e30349fffff", "barrio": "Palermo", "comuna": 14, "riesgo_manana": 0.0804, "riesgo_tarde": 0.1033, "riesgo_noche": 0.0657, "riesgo_madrugada": 0.1196}}, {"type": "Feature", "geometry": {"type": "Polygon", "coordinates": [[[-58.40380100986523, -34.5675796112358], [-58.39980360631535, -34.56569625493587], [-58.40055477836525, -34.561847711481846], [-58.40530322237885, -34.55988262815613], [-58.409300386584256, -34.561766087007555], [-58.40854934612442, -34.5656145266245], [-58.40380100986523, -34.5675796112358]]]}, "properties": {"hex_id": "88c2e3034bfffff", "barrio": "Palermo", "comuna": 14, "riesgo_manana": 0.0287, "riesgo_tarde": 0.0408, "riesgo_noche": 0.035, "riesgo_madrugada": 0.0778}}, {"type": "Feature", "geometry": {"type": "Polygon", "coordinates": [[[-58.389554462595456, -34.57347384121386], [-58.385556512993716, -34.57159022697619], [-58.386307908058384, -34.56774193764886], [-58.39105712116052, -34.56577736627692], [-58.39505483155277, -34.56766108297829], [-58.394303568056266, -34.57150926857918], [-58.389554462595456, -34.57347384121386]]]}, "properties": {"hex_id": "88c2e3034dfffff", "barrio": "Recoleta", "comuna": 2, "riesgo_manana": 0.0009, "riesgo_tarde": 0.0005, "riesgo_noche": 0.0007, "riesgo_madrugada": 0.001}}, {"type": "Feature", "geometry": {"type": "Polygon", "coordinates": [[[-58.41804524912998, -34.56168384576619], [-58.41404839200167, -34.55980074721909], [-58.41479934100629, -34.5559519498918], [-58.41954701553124, -34.553986355050625], [-58.42354363318028, -34.555869556237056], [-58.42279281578752, -34.5597182496166], [-58.41804524912998, -34.56168384576619]]]}, "properties": {"hex_id": "88c2e30359fffff", "barrio": "Palermo", "comuna": 14, "riesgo_manana": 0.0157, "riesgo_tarde": 0.0328, "riesgo_noche": 0.0112, "riesgo_madrugada": 0.0122}}, {"type": "Feature", "geometry": {"type": "Polygon", "coordinates": [[[-58.409300386584256, -34.561766087007555], [-58.40530322237885, -34.55988262815613], [-58.406054302980095, -34.55603372692362], [-58.41080241619401, -34.554068388439056], [-58.41479934100629, -34.5559519498918], [-58.41404839200167, -34.55980074721909], [-58.409300386584256, -34.561766087007555]]]}, "properties": {"hex_id": "88c2e3035dfffff", "barrio": "Palermo", "comuna": 14, "riesgo_manana": 0.028, "riesgo_tarde": 0.0272, "riesgo_noche": 0.0114, "riesgo_madrugada": 0.0147}}, {"type": "Feature", "geometry": {"type": "Polygon", "coordinates": [[[-58.439507738707796, -34.63056950270263], [-58.435511080211086, -34.62869123629324], [-58.4362618105263, -34.62484776962877], [-58.44100906765618, -34.62288267292034], [-58.44500548639562, -34.62476104175121], [-58.4442548877663, -34.62860440486031], [-58.439507738707796, -34.63056950270263]]]}, "properties": {"hex_id": "88c2e31001fffff", "barrio": "Caballito", "comuna": 6, "riesgo_manana": 0.4701, "riesgo_tarde": 0.4599, "riesgo_noche": 0.1651, "riesgo_madrugada": 0.0728}}, {"type": "Feature", "geometry": {"type": "Polygon", "coordinates": [[[-58.44500548639562, -34.62476104175121], [-58.44100906765618, -34.62288267292034], [-58.44175970647271, -34.61903884840698], [-58.446506632340174, -34.617073496339145], [-58.45050281127383, -34.61895196764142], [-58.449752304149676, -34.62279568853138], [-58.44500548639562, -34.62476104175121]]]}, "properties": {"hex_id": "88c2e31003fffff", "barrio": "Caballito", "comuna": 6, "riesgo_manana": 0.4782, "riesgo_tarde": 0.6278, "riesgo_noche": 0.1721, "riesgo_madrugada": 0.0705}}, {"type": "Feature", "geometry": {"type": "Polygon", "coordinates": [[[-58.43076349186928, -34.630656077518076], [-58.42676652584602, -34.62877745094014], [-58.427517387831884, -34.62493388076267], [-58.43226508417423, -34.622969040667414], [-58.4362618105263, -34.62484776962877], [-58.435511080211086, -34.62869123629324], [-58.43076349186928, -34.630656077518076]]]}, "properties": {"hex_id": "88c2e31005fffff", "barrio": "Caballito", "comuna": 6, "riesgo_manana": 0.5365, "riesgo_tarde": 0.5476, "riesgo_noche": 0.1746, "riesgo_madrugada": 0.0803}}, {"type": "Feature", "geometry": {"type": "Polygon", "coordinates": [[[-58.4362618105263, -34.62484776962877], [-58.43226508417423, -34.622969040667414], [-58.43301585466795, -34.61912511257302], [-58.43776321984042, -34.61716001701226], [-58.44175970647271, -34.61903884840698], [-58.44100906765618, -34.62288267292034], [-58.4362618105263, -34.62484776962877]]]}, "properties": {"hex_id": "88c2e31007fffff", "barrio": "Caballito", "comuna": 6, "riesgo_manana": 0.8642, "riesgo_tarde": 1.0541, "riesgo_noche": 0.2219, "riesgo_madrugada": 0.1162}}, {"type": "Feature", "geometry": {"type": "Polygon", "coordinates": [[[-58.44275363919196, -34.63629031184726], [-58.438757048575276, -34.634412507956604], [-58.439507738707796, -34.63056950270263], [-58.4442548877663, -34.62860440486031], [-58.44825123858825, -34.630482311160556], [-58.44750068015033, -34.634325212884804], [-58.44275363919196, -34.63629031184726]]]}, "properties": {"hex_id": "88c2e31009fffff", "barrio": "Parque Chacabuco", "comuna": 7, "riesgo_manana": 0.4721, "riesgo_tarde": 0.4143, "riesgo_noche": 0.1375, "riesgo_madrugada": 0.0959}}, {"type": "Feature", "geometry": {"type": "Polygon", "coordinates": [[[-58.44825123858825, -34.630482311160556], [-58.4442548877663, -34.62860440486031], [-58.44500548639562, -34.62476104175121], [-58.449752304149676, -34.62279568853138], [-58.45374841512835, -34.62467369729114], [-58.4529979482001, -34.628516956802486], [-58.44825123858825, -34.630482311160556]]]}, "properties": {"hex_id": "88c2e3100bfffff", "barrio": "Caballito", "comuna": 6, "riesgo_manana": 0.6176, "riesgo_tarde": 0.5989, "riesgo_noche": 0.2047, "riesgo_madrugada": 0.0876}}, {"type": "Feature", "geometry": {"type": "Polygon", "coordinates": [[[-58.43400956826279, -34.63637735029727], [-58.43001267005738, -34.634499186259404], [-58.43076349186928, -34.630656077518076], [-58.435511080211086, -34.62869123629324], [-58.439507738707796, -34.63056950270263], [-58.438757048575276, -34.634412507956604], [-58.43400956826279, -34.63637735029727]]]}, "properties": {"hex_id": "88c2e3100dfffff", "barrio": "Parque Chacabuco", "comuna": 7, "riesgo_manana": 0.3924, "riesgo_tarde": 0.3194, "riesgo_noche": 0.1071, "riesgo_madrugada": 0.0711}}, {"type": "Feature", "geometry": {"type": "Polygon", "coordinates": [[[-58.45924516875987, -34.618864470437515], [-58.45524929767296, -34.61698635916831], [-58.45599971328997, -34.61314228057177], [-58.46074586828373, -34.61117641696959], [-58.46474149943041, -34.613054630798175], [-58.46399121552746, -34.616898605660865], [-58.45924516875987, -34.618864470437515]]]}, "properties": {"hex_id": "88c2e31011fffff", "barrio": "Flores", "comuna": 7, "riesgo_manana": 0.3394, "riesgo_tarde": 0.3413, "riesgo_noche": 0.0995, "riesgo_madrugada": 0.0584}}, {"type": "Feature", "geometry": {"type": "Polygon", "coordinates": [[[-58.46474149943041, -34.613054630798175], [-58.46074586828373, -34.61117641696959], [-58.461496192391664, -34.60733198074086], [-58.46624201592966, -34.60536586213393], [-58.470237407087716, -34.60724417857181], [-58.46948721470029, -34.61108851099863], [-58.46474149943041, -34.613054630798175]]]}, "properties": {"hex_id": "88c2e31013fffff", "barrio": "Villa Gral. Mitre", "comuna": 11, "riesgo_manana": 0.3278, "riesgo_tarde": 0.3241, "riesgo_noche": 0.0933, "riesgo_madrugada": 0.0597}}, {"type": "Feature", "geometry": {"type": "Polygon", "coordinates": [[[-58.45050281127383, -34.61895196764142], [-58.446506632340174, -34.617073496339145], [-58.44725717965607, -34.61322931405118], [-58.45200377421062, -34.61126370674818], [-58.45599971328997, -34.61314228057177], [-58.45524929767296, -34.61698635916831], [-58.45050281127383, -34.61895196764142]]]}, "properties": {"hex_id": "88c2e31015fffff", "barrio": "Caballito", "comuna": 6, "riesgo_manana": 0.2568, "riesgo_tarde": 0.2649, "riesgo_noche": 0.0819, "riesgo_madrugada": 0.032}}, {"type": "Feature", "geometry": {"type": "Polygon", "coordinates": [[[-58.45599971328997, -34.61314228057177], [-58.45200377421062, -34.61126370674818], [-58.4527542300239, -34.60741916675993], [-58.45750049321508, -34.60545330434607], [-58.461496192391664, -34.60733198074086], [-58.46074586828373, -34.61117641696959], [-58.45599971328997, -34.61314228057177]]]}, "properties": {"hex_id": "88c2e31017fffff", "barrio": "Caballito", "comuna": 6, "riesgo_manana": 0.2944, "riesgo_tarde": 0.2734, "riesgo_noche": 0.0756, "riesgo_madrugada": 0.0399}}, {"type": "Feature", "geometry": {"type": "Polygon", "coordinates": [[[-58.46249059641313, -34.62458573640974], [-58.45849479334328, -34.62270808766168], [-58.45924516875987, -34.618864470437515], [-58.46399121552746, -34.616898605660865], [-58.46798677861965, -34.61877635695645], [-58.467236534925775, -34.62261987047246], [-58.46249059641313, -34.62458573640974]]]}, "properties": {"hex_id": "88c2e31019fffff", "barrio": "Flores", "comuna": 7, "riesgo_manana": 0.39, "riesgo_tarde": 0.3859, "riesgo_noche": 0.1205, "riesgo_madrugada": 0.0588}}, {"type": "Feature", "geometry": {"type": "Polygon", "coordinates": [[[-58.46798677861965, -34.61877635695645], [-58.46399121552746, -34.616898605660865], [-58.46474149943041, -34.613054630798175], [-58.46948721470029, -34.61108851099863], [-58.47348253776638, -34.61296636489166], [-58.47273238559258, -34.616810235978114], [-58.46798677861965, -34.61877635695645]]]}, "properties": {"hex_id": "88c2e3101bfffff", "barrio": "Villa Gral. Mitre", "comuna": 11, "riesgo_manana": 0.3328, "riesgo_tarde": 0.3212, "riesgo_noche": 0.0905, "riesgo_madrugada": 0.0491}}, {"type": "Feature", "geometry": {"type": "Polygon", "coordinates": [[[-58.45374841512835, -34.62467369729114], [-58.449752304149676, -34.62279568853138], [-58.45050281127383, -34.61895196764142], [-58.45524929767296, -34.61698635916831], [-58.45924516875987, -34.618864470437515], [-58.45849479334328, -34.62270808766168], [-58.45374841512835, -34.62467369729114]]]}, "properties": {"hex_id": "88c2e3101dfffff", "barrio": "Caballito", "comuna": 6, "riesgo_manana": 0.2784, "riesgo_tarde": 0.3042, "riesgo_noche": 0.0952, "riesgo_madrugada": 0.0485}}, {"type": "Feature", "geometry": {"type": "Polygon", "coordinates": [[[-58.418772218624134, -34.62501937499182], [-58.4147748774916, -34.623139925591445], [-58.415525911294, -34.619295790462196], [-58.420274154586124, -34.61733120822081], [-58.42427125617111, -34.61921075997843], [-58.42352035401542, -34.623054791611466], [-58.418772218624134, -34.62501937499182]]]}, "properties": {"hex_id": "88c2e31021fffff", "barrio": "Almagro", "comuna": 5, "riesgo_manana": 0.4215, "riesgo_tarde": 0.5246, "riesgo_noche": 0.1693, "riesgo_madrugada": 0.0732}}, {"type": "Feature", "geometry": {"type": "Polygon", "coordinates": [[[-58.42427125617111, -34.61921075997843], [-58.420274154586124, -34.61733120822081], [-58.42102509690746, -34.61348671511281], [-58.425773009164416, -34.611521877318], [-58.42976987115327, -34.61340153148279], [-58.429019060485174, -34.6172459210265], [-58.42427125617111, -34.61921075997843]]]}, "properties": {"hex_id": "88c2e31023fffff", "barrio": "Almagro", "comuna": 5, "riesgo_manana": 0.478, "riesgo_tarde": 0.5951, "riesgo_noche": 0.1469, "riesgo_madrugada": 0.0741}}, {"type": "Feature", "geometry": {"type": "Polygon", "coordinates": [[[-58.41002630321497, -34.62510425215522], [-58.40602865491473, -34.62322444244639], [-58.406779820348575, -34.6193802038633], [-58.4115285024551, -34.61741587843415], [-58.415525911294, -34.619295790462196], [-58.4147748774916, -34.623139925591445], [-58.41002630321497, -34.62510425215522]]]}, "properties": {"hex_id": "88c2e31025fffff", "barrio": "San Cristobal", "comuna": 3, "riesgo_manana": 0.5027, "riesgo_tarde": 0.5571, "riesgo_noche": 0.1589, "riesgo_madrugada": 0.0863}}, {"type": "Feature", "geometry": {"type": "Polygon", "coordinates": [[[-58.415525911294, -34.619295790462196], [-58.4115285024551, -34.61741587843415], [-58.412279576414456, -34.613571281804326], [-58.41702792757856, -34.61160670071566], [-58.42102509690746, -34.61348671511281], [-58.420274154586124, -34.61733120822081], [-58.415525911294, -34.619295790462196]]]}, "properties": {"hex_id": "88c2e31027fffff", "barrio": "Almagro", "comuna": 5, "riesgo_manana": 0.5538, "riesgo_tarde": 0.6299, "riesgo_noche": 0.2129, "riesgo_madrugada": 0.1166}}, {"type": "Feature", "geometry": {"type": "Polygon", "coordinates": [[[-58.422018498384375, -34.630742035445735], [-58.41802122498284, -34.62886304863989], [-58.418772218624134, -34.62501937499182], [-58.42352035401542, -34.623054791611466], [-58.427517387831884, -34.62493388076267], [-58.42676652584602, -34.62877745094014], [-58.422018498384375, -34.630742035445735]]]}, "properties": {"hex_id": "88c2e31029fffff", "barrio": "Boedo", "comuna": 5, "riesgo_manana": 0.5235, "riesgo_tarde": 0.5741, "riesgo_noche": 0.16, "riesgo_madrugada": 0.0845}}, {"type": "Feature", "geometry": {"type": "Polygon", "coordinates": [[[-58.427517387831884, -34.62493388076267], [-58.42352035401542, -34.623054791611466], [-58.42427125617111, -34.61921075997843], [-58.429019060485174, -34.6172459210265], [-58.43301585466795, -34.61912511257302], [-58.43226508417423, -34.622969040667414], [-58.427517387831884, -34.62493388076267]]]}, "properties": {"hex_id": "88c2e3102bfffff", "barrio": "Caballito", "comuna": 6, "riesgo_manana": 0.4926, "riesgo_tarde": 0.5791, "riesgo_noche": 0.1512, "riesgo_madrugada": 0.0919}}, {"type": "Feature", "geometry": {"type": "Polygon", "coordinates": [[[-58.41327275856494, -34.63082737632454], [-58.40927517793351, -34.62894802923151], [-58.41002630321497, -34.62510425215522], [-58.4147748774916, -34.623139925591445], [-58.418772218624134, -34.62501937499182], [-58.41802122498284, -34.62886304863989], [-58.41327275856494, -34.63082737632454]]]}, "properties": {"hex_id": "88c2e3102dfffff", "barrio": "Boedo", "comuna": 5, "riesgo_manana": 0.4645, "riesgo_tarde": 0.5186, "riesgo_noche": 0.1475, "riesgo_madrugada": 0.07}}, {"type": "Feature", "geometry": {"type": "Polygon", "coordinates": [[[-58.43851389884002, -34.61331573107522], [-58.434517344339525, -34.611436437083505], [-58.43526806351801, -34.60759168970342], [-58.44001520552589, -34.60562633998101], [-58.44401152029559, -34.60750573646782], [-58.44326093279209, -34.611350380173235], [-58.43851389884002, -34.61331573107522]]]}, "properties": {"hex_id": "88c2e31031fffff", "barrio": "Caballito", "comuna": 6, "riesgo_manana": 0.6005, "riesgo_tarde": 0.6727, "riesgo_noche": 0.146, "riesgo_madrugada": 0.0848}}, {"type": "Feature", "geometry": {"type": "Polygon", "coordinates": [[[-58.44401152029559, -34.60750573646782], [-58.44001520552589, -34.60562633998101], [-58.44076583321282, -34.601781234838896], [-58.44551264399181, -34.59981562991766], [-58.44950871898217, -34.601695128949494], [-58.44875822297674, -34.60554013034881], [-58.44401152029559, -34.60750573646782]]]}, "properties": {"hex_id": "88c2e31033fffff", "barrio": "Villa Crespo", "comuna": 15, "riesgo_manana": 0.4252, "riesgo_tarde": 0.5079, "riesgo_noche": 0.1321, "riesgo_madrugada": 0.0603}}, {"type": "Feature", "geometry": {"type": "Polygon", "coordinates": [[[-58.42976987115327, -34.61340153148279], [-58.425773009164416, -34.611521877318], [-58.426523860002696, -34.60767702630559], [-58.43127144117392, -34.60571193308155], [-58.43526806351801, -34.60759168970342], [-58.434517344339525, -34.611436437083505], [-58.42976987115327, -34.61340153148279]]]}, "properties": {"hex_id": "88c2e31035fffff", "barrio": "Caballito", "comuna": 6, "riesgo_manana": 0.4769, "riesgo_tarde": 0.5601, "riesgo_noche": 0.1539, "riesgo_madrugada": 0.0814}}, {"type": "Feature", "geometry": {"type": "Polygon", "coordinates": [[[-58.43526806351801, -34.60759168970342], [-58.43127144117392, -34.60571193308155], [-58.43202220052715, -34.60186672423908], [-58.43676945056206, -34.5999013757101], [-58.44076583321282, -34.601781234838896], [-58.44001520552589, -34.60562633998101], [-58.43526806351801, -34.60759168970342]]]}, "properties": {"hex_id": "88c2e31037fffff", "barrio": "Villa Crespo", "comuna": 15, "riesgo_manana": 0.5115, "riesgo_tarde": 0.6824, "riesgo_noche": 0.1653, "riesgo_madrugada": 0.0849}}, {"type": "Feature", "geometry": {"type": "Polygon", "coordinates": [[[-58.44175970647271, -34.61903884840698], [-58.43776321984042, -34.61716001701226], [-58.43851389884002, -34.61331573107522], [-58.44326093279209, -34.611350380173235], [-58.44725717965607, -34.61322931405118], [-58.446506632340174, -34.617073496339145], [-58.44175970647271, -34.61903884840698]]]}, "properties": {"hex_id": "88c2e31039fffff", "barrio": "Caballito", "comuna": 6, "riesgo_manana": 0.4025, "riesgo_tarde": 0.4364, "riesgo_noche": 0.1293, "riesgo_madrugada": 0.0626}}, {"type": "Feature", "geometry": {"type": "Polygon", "coordinates": [[[-58.44725717965607, -34.61322931405118], [-58.44326093279209, -34.611350380173235], [-58.44401152029559, -34.60750573646782], [-58.44875822297674, -34.60554013034881], [-58.4527542300239, -34.60741916675993], [-58.45200377421062, -34.61126370674818], [-58.44725717965607, -34.61322931405118]]]}, "properties": {"hex_id": "88c2e3103bfffff", "barrio": "Caballito", "comuna": 6, "riesgo_manana": 0.3954, "riesgo_tarde": 0.4434, "riesgo_noche": 0.0979, "riesgo_madrugada": 0.0531}}, {"type": "Feature", "geometry": {"type": "Polygon", "coordinates": [[[-58.43301585466795, -34.61912511257302], [-58.429019060485174, -34.6172459210265], [-58.42976987115327, -34.61340153148279], [-58.434517344339525, -34.611436437083505], [-58.43851389884002, -34.61331573107522], [-58.43776321984042, -34.61716001701226], [-58.43301585466795, -34.61912511257302]]]}, "properties": {"hex_id": "88c2e3103dfffff", "barrio": "Caballito", "comuna": 6, "riesgo_manana": 0.5424, "riesgo_tarde": 0.6536, "riesgo_noche": 0.1545, "riesgo_madrugada": 0.0733}}, {"type": "Feature", "geometry": {"type": "Polygon", "coordinates": [[[-58.4405016380363, -34.64781712413789], [-58.43650487554052, -34.64593988508044], [-58.43725561699196, -34.642097699152956], [-58.4420029892463, -34.64013285571022], [-58.44599951195836, -34.64201019711539], [-58.44524890220369, -34.64585227960683], [-58.4405016380363, -34.64781712413789]]]}, "properties": {"hex_id": "88c2e31041fffff", "barrio": "Flores", "comuna": 7, "riesgo_manana": 0.5834, "riesgo_tarde": 0.6104, "riesgo_noche": 0.1892, "riesgo_madrugada": 0.2102}}, {"type": "Feature", "geometry": {"type": "Polygon", "coordinates": [[[-58.44599951195836, -34.64201019711539], [-58.4420029892463, -34.64013285571022], [-58.44275363919196, -34.63629031184726], [-58.44750068015033, -34.634325212884804], [-58.451496963030145, -34.636202656687665], [-58.45074644478774, -34.640045097046546], [-58.44599951195836, -34.64201019711539]]]}, "properties": {"hex_id": "88c2e31043fffff", "barrio": "Parque Chacabuco", "comuna": 7, "riesgo_manana": 0.4147, "riesgo_tarde": 0.341, "riesgo_noche": 0.121, "riesgo_madrugada": 0.1027}}, {"type": "Feature", "geometry": {"type": "Polygon", "coordinates": [[[-58.431757172040726, -34.64790447287934], [-58.427760101980134, -34.646026873657966], [-58.42851097511315, -34.64218458433679], [-58.433258786629054, -34.640219997621934], [-58.43725561699196, -34.642097699152956], [-58.43650487554052, -34.64593988508044], [-58.431757172040726, -34.64790447287934]]]}, "properties": {"hex_id": "88c2e31045fffff", "barrio": "Parque Chacabuco", "comuna": 7, "riesgo_manana": 0.4239, "riesgo_tarde": 0.4106, "riesgo_noche": 0.1277, "riesgo_madrugada": 0.1372}}, {"type": "Feature", "geometry": {"type": "Polygon", "coordinates": [[[-58.43725561699196, -34.642097699152956], [-58.433258786629054, -34.640219997621934], [-58.43400956826279, -34.63637735029727], [-58.438757048575276, -34.634412507956604], [-58.44275363919196, -34.63629031184726], [-58.4420029892463, -34.64013285571022], [-58.43725561699196, -34.642097699152956]]]}, "properties": {"hex_id": "88c2e31047fffff", "barrio": "Parque Chacabuco", "comuna": 7, "riesgo_manana": 0.3855, "riesgo_tarde": 0.3309, "riesgo_noche": 0.1034, "riesgo_madrugada": 0.0933}}, {"type": "Feature", "geometry": {"type": "Polygon", "coordinates": [[[-58.44374763137532, -34.65353562530491], [-58.439750936771325, -34.651658848687745], [-58.4405016380363, -34.64781712413789], [-58.44524890220369, -34.64585227960683], [-58.44924535698647, -34.64772915855979], [-58.44849478742696, -34.65157077969929], [-58.44374763137532, -34.65353562530491]]]}, "properties": {"hex_id": "88c2e31049fffff", "barrio": "Flores", "comuna": 7, "riesgo_manana": 0.564, "riesgo_tarde": 0.7057, "riesgo_noche": 0.2382, "riesgo_madrugada": 0.1998}}, {"type": "Feature", "geometry": {"type": "Polygon", "coordinates": [[[-58.44924535698647, -34.64772915855979], [-58.44524890220369, -34.64585227960683], [-58.44599951195836, -34.64201019711539], [-58.45074644478774, -34.640045097046546], [-58.45474265970079, -34.6419220783853], [-58.453992181658066, -34.645764057398374], [-58.44924535698647, -34.64772915855979]]]}, "properties": {"hex_id": "88c2e3104bfffff", "barrio": "Flores", "comuna": 7, "riesgo_manana": 0.5553, "riesgo_tarde": 0.5279, "riesgo_noche": 0.1734, "riesgo_madrugada": 0.1835}}, {"type": "Feature", "geometry": {"type": "Polygon", "coordinates": [[[-58.43500334131642, -34.65362343755695], [-58.4310063390855, -34.65174630079725], [-58.431757172040726, -34.64790447287934], [-58.43650487554052, -34.64593988508044], [-58.4405016380363, -34.64781712413789], [-58.439750936771325, -34.651658848687745], [-58.43500334131642, -34.65362343755695]]]}, "properties": {"hex_id": "88c2e3104dfffff", "barrio": "Flores", "comuna": 7, "riesgo_manana": 0.3577, "riesgo_tarde": 0.3954, "riesgo_noche": 0.1314, "riesgo_madrugada": 0.1411}}, {"type": "Feature", "geometry": {"type": "Polygon", "coordinates": [[[-58.46023953946587, -34.63611438497966], [-58.456243564470995, -34.634237301205175], [-58.45699399119918, -34.63039450305298], [-58.46174026120114, -34.628428892280986], [-58.46573599622931, -34.63030607854118], [-58.46498570122607, -34.634148773078955], [-58.46023953946587, -34.63611438497966]]]}, "properties": {"hex_id": "88c2e31051fffff", "barrio": "Flores", "comuna": 7, "riesgo_manana": 0.5526, "riesgo_tarde": 0.5242, "riesgo_noche": 0.1588, "riesgo_madrugada": 0.0867}}, {"type": "Feature", "geometry": {"type": "Polygon", "coordinates": [[[-58.46573599622931, -34.63030607854118], [-58.46174026120114, -34.628428892280986], [-58.46249059641313, -34.62458573640974], [-58.467236534925775, -34.62261987047246], [-58.471232029938825, -34.624497159268316], [-58.47048182645823, -34.62834021145709], [-58.46573599622931, -34.63030607854118]]]}, "properties": {"hex_id": "88c2e31053fffff", "barrio": "Flores", "comuna": 7, "riesgo_manana": 0.7778, "riesgo_tarde": 0.7086, "riesgo_noche": 0.1804, "riesgo_madrugada": 0.1206}}, {"type": "Feature", "geometry": {"type": "Polygon", "coordinates": [[[-58.451496963030145, -34.636202656687665], [-58.44750068015033, -34.634325212884804], [-58.44825123858825, -34.630482311160556], [-58.4529979482001, -34.628516956802486], [-58.45699399119918, -34.63039450305298], [-58.456243564470995, -34.634237301205175], [-58.451496963030145, -34.636202656687665]]]}, "properties": {"hex_id": "88c2e31055fffff", "barrio": "Parque Chacabuco", "comuna": 7, "riesgo_manana": 0.5563, "riesgo_tarde": 0.4493, "riesgo_noche": 0.1796, "riesgo_madrugada": 0.0893}}, {"type": "Feature", "geometry": {"type": "Polygon", "coordinates": [[[-58.45699399119918, -34.63039450305298], [-58.4529979482001, -34.628516956802486], [-58.45374841512835, -34.62467369729114], [-58.45849479334328, -34.62270808766168], [-58.46249059641313, -34.62458573640974], [-58.46174026120114, -34.628428892280986], [-58.45699399119918, -34.63039450305298]]]}, "properties": {"hex_id": "88c2e31057fffff", "barrio": "Flores", "comuna": 7, "riesgo_manana": 0.8814, "riesgo_tarde": 0.8341, "riesgo_noche": 0.2089, "riesgo_madrugada": 0.1317}}, {"type": "Feature", "geometry": {"type": "Polygon", "coordinates": [[[-58.46348505990789, -34.64183334312397], [-58.4594891529419, -34.63995672179217], [-58.46023953946587, -34.63611438497966], [-58.46498570122607, -34.634148773078955], [-58.46898136818793, -34.636025496884585], [-58.46823111339758, -34.63986773010836], [-58.46348505990789, -34.64183334312397]]]}, "properties": {"hex_id": "88c2e31059fffff", "barrio": "Flores", "comuna": 7, "riesgo_manana": 0.3433, "riesgo_tarde": 0.3127, "riesgo_noche": 0.1138, "riesgo_madrugada": 0.0746}}, {"type": "Feature", "geometry": {"type": "Polygon", "coordinates": [[[-58.46898136818793, -34.636025496884585], [-58.46498570122607, -34.634148773078955], [-58.46573599622931, -34.63030607854118], [-58.47048182645823, -34.62834021145709], [-58.47447725336753, -34.63021703778649], [-58.47372709010437, -34.63405962866749], [-58.46898136818793, -34.636025496884585]]]}, "properties": {"hex_id": "88c2e3105bfffff", "barrio": "Flores", "comuna": 7, "riesgo_manana": 0.8642, "riesgo_tarde": 0.7544, "riesgo_noche": 0.2432, "riesgo_madrugada": 0.2312}}, {"type": "Feature", "geometry": {"type": "Polygon", "coordinates": [[[-58.45474265970079, -34.6419220783853], [-58.45074644478774, -34.640045097046546], [-58.451496963030145, -34.636202656687665], [-58.456243564470995, -34.634237301205175], [-58.46023953946587, -34.63611438497966], [-58.4594891529419, -34.63995672179217], [-58.45474265970079, -34.6419220783853]]]}, "properties": {"hex_id": "88c2e3105dfffff", "barrio": "Flores", "comuna": 7, "riesgo_manana": 0.3768, "riesgo_tarde": 0.3273, "riesgo_noche": 0.1018, "riesgo_madrugada": 0.0708}}, {"type": "Feature", "geometry": {"type": "Polygon", "coordinates": [[[-58.41976558663366, -34.64227085250575], [-58.4157681414138, -34.640392430544836], [-58.41651918637799, -34.63654957642385], [-58.42126754490833, -34.63458524763204], [-58.42526475055422, -34.6364637718765], [-58.42451383724761, -34.6403065226205], [-58.41976558663366, -34.64227085250575]]]}, "properties": {"hex_id": "88c2e31061fffff", "barrio": "Boedo", "comuna": 5, "riesgo_manana": 0.3329, "riesgo_tarde": 0.3189, "riesgo_noche": 0.1007, "riesgo_madrugada": 0.072}}, {"type": "Feature", "geometry": {"type": "Polygon", "coordinates": [[[-58.42526475055422, -34.6364637718765], [-58.42126754490833, -34.63458524763204], [-58.422018498384375, -34.630742035445735], [-58.42676652584602, -34.62877745094014], [-58.43076349186928, -34.630656077518076], [-58.43001267005738, -34.634499186259404], [-58.42526475055422, -34.6364637718765]]]}, "properties": {"hex_id": "88c2e31063fffff", "barrio": "Parque Chacabuco", "comuna": 7, "riesgo_manana": 0.3558, "riesgo_tarde": 0.3513, "riesgo_noche": 0.1018, "riesgo_madrugada": 0.0629}}, {"type": "Feature", "geometry": {"type": "Polygon", "coordinates": [[[-58.411019451865386, -34.64235650349875], [-58.40702169943963, -34.64047772123385], [-58.40777287604615, -34.636634763778254], [-58.41252167344001, -34.63467069191345], [-58.41651918637799, -34.63654957642385], [-58.4157681414138, -34.640392430544836], [-58.411019451865386, -34.64235650349875]]]}, "properties": {"hex_id": "88c2e31065fffff", "barrio": "Nueva Pompeya", "comuna": 4, "riesgo_manana": 0.3282, "riesgo_tarde": 0.3426, "riesgo_noche": 0.0751, "riesgo_madrugada": 0.0524}}, {"type": "Feature", "geometry": {"type": "Polygon", "coordinates": [[[-58.41651918637799, -34.63654957642385], [-58.41252167344001, -34.63467069191345], [-58.41327275856494, -34.63082737632454], [-58.41802122498284, -34.62886304863989], [-58.422018498384375, -34.630742035445735], [-58.42126754490833, -34.63458524763204], [-58.41651918637799, -34.63654957642385]]]}, "properties": {"hex_id": "88c2e31067fffff", "barrio": "Boedo", "comuna": 5, "riesgo_manana": 0.3429, "riesgo_tarde": 0.3556, "riesgo_noche": 0.1062, "riesgo_madrugada": 0.0564}}, {"type": "Feature", "geometry": {"type": "Polygon", "coordinates": [[[-58.4230119593114, -34.647991204622976], [-58.41901458183434, -34.646113245178306], [-58.41976558663366, -34.64227085250575], [-58.42451383724761, -34.6403065226205], [-58.42851097511315, -34.64218458433679], [-58.427760101980134, -34.646026873657966], [-58.4230119593114, -34.647991204622976]]]}, "properties": {"hex_id": "88c2e31069fffff", "barrio": "Nueva Pompeya", "comuna": 4, "riesgo_manana": 0.3246, "riesgo_tarde": 0.3171, "riesgo_noche": 0.1088, "riesgo_madrugada": 0.0873}}, {"type": "Feature", "geometry": {"type": "Polygon", "coordinates": [[[-58.42851097511315, -34.64218458433679], [-58.42451383724761, -34.6403065226205], [-58.42526475055422, -34.6364637718765], [-58.43001267005738, -34.634499186259404], [-58.43400956826279, -34.63637735029727], [-58.433258786629054, -34.640219997621934], [-58.42851097511315, -34.64218458433679]]]}, "properties": {"hex_id": "88c2e3106bfffff", "barrio": "Parque Chacabuco", "comuna": 7, "riesgo_manana": 0.3105, "riesgo_tarde": 0.258, "riesgo_noche": 0.0946, "riesgo_madrugada": 0.0725}}, {"type": "Feature", "geometry": {"type": "Polygon", "coordinates": [[[-58.41426600016021, -34.64807731920763], [-58.41026831541502, -34.64619899948029], [-58.411019451865386, -34.64235650349875], [-58.4157681414138, -34.640392430544836], [-58.41976558663366, -34.64227085250575], [-58.41901458183434, -34.646113245178306], [-58.41426600016021, -34.64807731920763]]]}, "properties": {"hex_id": "88c2e3106dfffff", "barrio": "Nueva Pompeya", "comuna": 4, "riesgo_manana": 0.3503, "riesgo_tarde": 0.3658, "riesgo_noche": 0.117, "riesgo_madrugada": 0.0891}}, {"type": "Feature", "geometry": {"type": "Polygon", "coordinates": [[[-58.47798309168678, -34.589897406668136], [-58.47398811250906, -34.58801842226034], [-58.47473820229245, -34.58417245221548], [-58.479483139526245, -34.58220557060163], [-58.48347787860758, -34.58408465778019], [-58.48272792055537, -34.58793052379311], [-58.47798309168678, -34.589897406668136]]]}, "properties": {"hex_id": "88c2e31081fffff", "barrio": "Parque Chas", "comuna": 15, "riesgo_manana": 0.1861, "riesgo_tarde": 0.1799, "riesgo_noche": 0.0492, "riesgo_madrugada": 0.0331}}, {"type": "Feature", "geometry": {"type": "Polygon", "coordinates": [[[-58.48347787860758, -34.58408465778019], [-58.479483139526245, -34.58220557060163], [-58.480233137797335, -34.57835924322904], [-58.48497774341598, -34.5763921071263], [-58.48897224235256, -34.57827129712543], [-58.48822237581912, -34.58211752039799], [-58.48347787860758, -34.58408465778019]]]}, "properties": {"hex_id": "88c2e31083fffff", "barrio": "Villa Urquiza", "comuna": 12, "riesgo_manana": 0.2026, "riesgo_tarde": 0.2218, "riesgo_noche": 0.0573, "riesgo_madrugada": 0.0262}}, {"type": "Feature", "geometry": {"type": "Polygon", "coordinates": [[[-58.469242843710404, -34.589985049260804], [-58.465247556404506, -34.58810570495089], [-58.46599777790398, -34.58425963091653], [-58.470743154997145, -34.58229300517288], [-58.47473820229245, -34.58417245221548], [-58.47398811250906, -34.58801842226034], [-58.469242843710404, -34.589985049260804]]]}, "properties": {"hex_id": "88c2e31085fffff", "barrio": "Villa Ortuzar", "comuna": 15, "riesgo_manana": 0.1862, "riesgo_tarde": 0.1746, "riesgo_noche": 0.046, "riesgo_madrugada": 0.0343}}, {"type": "Feature", "geometry": {"type": "Polygon", "coordinates": [[[-58.47473820229245, -34.58417245221548], [-58.470743154997145, -34.58229300517288], [-58.471493284990764, -34.57844657374264], [-58.47623833056101, -34.57647969340392], [-58.480233137797335, -34.57835924322904], [-58.479483139526245, -34.58220557060163], [-58.47473820229245, -34.58417245221548]]]}, "properties": {"hex_id": "88c2e31087fffff", "barrio": "Parque Chas", "comuna": 15, "riesgo_manana": 0.3295, "riesgo_tarde": 0.3296, "riesgo_noche": 0.0726, "riesgo_madrugada": 0.0391}}, {"type": "Feature", "geometry": {"type": "Polygon", "coordinates": [[[-58.4812279531533, -34.59562143715294], [-58.47723304211773, -34.5937429153468], [-58.47798309168678, -34.589897406668136], [-58.48272792055537, -34.58793052379311], [-58.48672259145714, -34.589809148358185], [-58.48597267362795, -34.593654553030646], [-58.4812279531533, -34.59562143715294]]]}, "properties": {"hex_id": "88c2e31089fffff", "barrio": "Agronomia", "comuna": 15, "riesgo_manana": 0.0569, "riesgo_tarde": 0.0532, "riesgo_noche": 0.0127, "riesgo_madrugada": 0.0082}}, {"type": "Feature", "geometry": {"type": "Polygon", "coordinates": [[[-58.48672259145714, -34.589809148358185], [-58.48272792055537, -34.58793052379311], [-58.48347787860758, -34.58408465778019], [-58.48822237581912, -34.58211752039799], [-58.49221680653876, -34.583996247771886], [-58.491466980232836, -34.58784200971045], [-58.48672259145714, -34.589809148358185]]]}, "properties": {"hex_id": "88c2e3108bfffff", "barrio": "Parque Chas", "comuna": 15, "riesgo_manana": 0.2188, "riesgo_tarde": 0.1909, "riesgo_noche": 0.0508, "riesgo_madrugada": 0.031}}, {"type": "Feature", "geometry": {"type": "Polygon", "coordinates": [[[-58.472487881642365, -34.59570954359021], [-58.46849266241661, -34.59383066190329], [-58.469242843710404, -34.589985049260804], [-58.47398811250906, -34.58801842226034], [-58.47798309168678, -34.589897406668136], [-58.47723304211773, -34.5937429153468], [-58.472487881642365, -34.59570954359021]]]}, "properties": {"hex_id": "88c2e3108dfffff", "barrio": "Paternal", "comuna": 15, "riesgo_manana": 0.0896, "riesgo_tarde": 0.1041, "riesgo_noche": 0.0321, "riesgo_madrugada": 0.0274}}, {"type": "Feature", "geometry": {"type": "Polygon", "coordinates": [[[-58.49771059834601, -34.578182735593124], [-58.493716407856816, -34.57630390536056], [-58.494466182869594, -34.57245732490304], [-58.499210016616345, -34.570489678880044], [-58.503203966826874, -34.572368612021144], [-58.50245432357318, -34.57621508826799], [-58.49771059834601, -34.578182735593124]]]}, "properties": {"hex_id": "88c2e31091fffff", "barrio": "Villa Urquiza", "comuna": 12, "riesgo_manana": 0.236, "riesgo_tarde": 0.231, "riesgo_noche": 0.0653, "riesgo_madrugada": 0.027}}, {"type": "Feature", "geometry": {"type": "Polygon", "coordinates": [[[-58.503203966826874, -34.572368612021144], [-58.499210016616345, -34.570489678880044], [-58.49995970010657, -34.5666427413123], [-58.504703202045626, -34.56467484115574], [-58.508696911929206, -34.56655387725518], [-58.50794736020448, -34.570400710544114], [-58.503203966826874, -34.572368612021144]]]}, "properties": {"hex_id": "88c2e31093fffff", "barrio": "Villa Urquiza", "comuna": 12, "riesgo_manana": 0.1452, "riesgo_tarde": 0.1483, "riesgo_noche": 0.0438, "riesgo_madrugada": 0.023}}, {"type": "Feature", "geometry": {"type": "Polygon", "coordinates": [[[-58.48897224235256, -34.57827129712543], [-58.48497774341598, -34.5763921071263], [-58.485727650172805, -34.572545422500575], [-58.490471924126055, -34.57057803203349], [-58.494466182869594, -34.57245732490304], [-58.493716407856816, -34.57630390536056], [-58.48897224235256, -34.57827129712543]]]}, "properties": {"hex_id": "88c2e31095fffff", "barrio": "Villa Urquiza", "comuna": 12, "riesgo_manana": 0.4007, "riesgo_tarde": 0.4313, "riesgo_noche": 0.0771, "riesgo_madrugada": 0.0461}}, {"type": "Feature", "geometry": {"type": "Polygon", "coordinates": [[[-58.494466182869594, -34.57245732490304], [-58.490471924126055, -34.57057803203349], [-58.49122173936672, -34.56673099022935], [-58.49596568160432, -34.56476334552247], [-58.49995970010657, -34.5666427413123], [-58.499210016616345, -34.570489678880044], [-58.494466182869594, -34.57245732490304]]]}, "properties": {"hex_id": "88c2e31097fffff", "barrio": "Villa Urquiza", "comuna": 12, "riesgo_manana": 0.2285, "riesgo_tarde": 0.223, "riesgo_noche": 0.0676, "riesgo_madrugada": 0.0328}}, {"type": "Feature", "geometry": {"type": "Polygon", "coordinates": [[[-58.50095498577558, -34.583907222351904], [-58.49696086356528, -34.582028854723184], [-58.49771059834601, -34.578182735593124], [-58.50245432357318, -34.57621508826799], [-58.50644820546742, -34.57809355879346], [-58.505698602454395, -34.58193957373861], [-58.50095498577558, -34.583907222351904]]]}, "properties": {"hex_id": "88c2e31099fffff", "barrio": "Villa Pueyrredon", "comuna": 12, "riesgo_manana": 0.1884, "riesgo_tarde": 0.1784, "riesgo_noche": 0.0521, "riesgo_madrugada": 0.0257}}, {"type": "Feature", "geometry": {"type": "Polygon", "coordinates": [[[-58.50644820546742, -34.57809355879346], [-58.50245432357318, -34.57621508826799], [-58.503203966826874, -34.572368612021144], [-58.50794736020448, -34.570400710544114], [-58.511941001734435, -34.572279284016176], [-58.51119149025489, -34.57612565600997], [-58.50644820546742, -34.57809355879346]]]}, "properties": {"hex_id": "88c2e3109bfffff", "barrio": "Villa Pueyrredon", "comuna": 12, "riesgo_manana": 0.2112, "riesgo_tarde": 0.2212, "riesgo_noche": 0.0443, "riesgo_madrugada": 0.0261}}, {"type": "Feature", "geometry": {"type": "Polygon", "coordinates": [[[-58.49221680653876, -34.583996247771886], [-58.48822237581912, -34.58211752039799], [-58.48897224235256, -34.57827129712543], [-58.493716407856816, -34.57630390536056], [-58.49771059834601, -34.578182735593124], [-58.49696086356528, -34.582028854723184], [-58.49221680653876, -34.583996247771886]]]}, "properties": {"hex_id": "88c2e3109dfffff", "barrio": "Villa Urquiza", "comuna": 12, "riesgo_manana": 0.2885, "riesgo_tarde": 0.2792, "riesgo_noche": 0.0676, "riesgo_madrugada": 0.036}}, {"type": "Feature", "geometry": {"type": "Polygon", "coordinates": [[[-58.45725660575298, -34.5843461937221], [-58.45326094247331, -34.58246602677321], [-58.454011335866625, -34.57861938735503], [-58.45875726085122, -34.576653018849754], [-58.462752684243576, -34.57853328850502], [-58.46200242254256, -34.58237982395048], [-58.45725660575298, -34.5843461937221]]]}, "properties": {"hex_id": "88c2e310a1fffff", "barrio": "Chacarita", "comuna": 15, "riesgo_manana": 0.2832, "riesgo_tarde": 0.3161, "riesgo_noche": 0.1199, "riesgo_madrugada": 0.0797}}, {"type": "Feature", "geometry": {"type": "Polygon", "coordinates": [[[-58.462752684243576, -34.57853328850502], [-58.45875726085122, -34.576653018849754], [-58.459507562749636, -34.57280602197407], [-58.46425315634557, -34.570839398785814], [-58.4682483398022, -34.5727197711973], [-58.4674981696025, -34.57656666403212], [-58.462752684243576, -34.57853328850502]]]}, "properties": {"hex_id": "88c2e310a3fffff", "barrio": "Belgrano", "comuna": 13, "riesgo_manana": 0.1688, "riesgo_tarde": 0.1921, "riesgo_noche": 0.0378, "riesgo_madrugada": 0.029}}, {"type": "Feature", "geometry": {"type": "Polygon", "coordinates": [[[-58.448514686150446, -34.58443214047104], [-58.4445187151005, -34.58255161348], [-58.44526924017094, -34.57870487013156], [-58.45001560461807, -34.57673875769568], [-58.454011335866625, -34.57861938735503], [-58.45326094247331, -34.58246602677321], [-58.448514686150446, -34.58443214047104]]]}, "properties": {"hex_id": "88c2e310a5fffff", "barrio": "Colegiales", "comuna": 13, "riesgo_manana": 0.4186, "riesgo_tarde": 0.4746, "riesgo_noche": 0.1958, "riesgo_madrugada": 0.1543}}, {"type": "Feature", "geometry": {"type": "Polygon", "coordinates": [[[-58.454011335866625, -34.57861938735503], [-58.45001560461807, -34.57673875769568], [-58.45076603820009, -34.57289165682159], [-58.45551207135097, -34.570925289596545], [-58.459507562749636, -34.57280602197407], [-58.45875726085122, -34.576653018849754], [-58.454011335866625, -34.57861938735503]]]}, "properties": {"hex_id": "88c2e310a7fffff", "barrio": "Colegiales", "comuna": 13, "riesgo_manana": 0.2134, "riesgo_tarde": 0.2627, "riesgo_noche": 0.0735, "riesgo_madrugada": 0.0326}}, {"type": "Feature", "geometry": {"type": "Polygon", "coordinates": [[[-58.460501847838756, -34.59007207597496], [-58.45650625255254, -34.588192371703514], [-58.45725660575298, -34.5843461937221], [-58.46200242254256, -34.58237982395048], [-58.46599777790398, -34.58425963091653], [-58.465247556404506, -34.58810570495089], [-58.460501847838756, -34.59007207597496]]]}, "properties": {"hex_id": "88c2e310a9fffff", "barrio": "Chacarita", "comuna": 15, "riesgo_manana": 0.1008, "riesgo_tarde": 0.1088, "riesgo_noche": 0.038, "riesgo_madrugada": 0.0287}}, {"type": "Feature", "geometry": {"type": "Polygon", "coordinates": [[[-58.46599777790398, -34.58425963091653], [-58.46200242254256, -34.58237982395048], [-58.462752684243576, -34.57853328850502], [-58.4674981696025, -34.57656666403212], [-58.471493284990764, -34.57844657374264], [-58.470743154997145, -34.58229300517288], [-58.46599777790398, -34.58425963091653]]]}, "properties": {"hex_id": "88c2e310abfffff", "barrio": "Villa Ortuzar", "comuna": 15, "riesgo_manana": 0.2297, "riesgo_tarde": 0.2446, "riesgo_noche": 0.0723, "riesgo_madrugada": 0.034}}, {"type": "Feature", "geometry": {"type": "Polygon", "coordinates": [[[-58.45176010438274, -34.590158486649386], [-58.44776420126421, -34.588278422357064], [-58.448514686150446, -34.58443214047104], [-58.45326094247331, -34.58246602677321], [-58.45725660575298, -34.5843461937221], [-58.45650625255254, -34.588192371703514], [-58.45176010438274, -34.590158486649386]]]}, "properties": {"hex_id": "88c2e310adfffff", "barrio": "Chacarita", "comuna": 15, "riesgo_manana": 0.5802, "riesgo_tarde": 0.6322, "riesgo_noche": 0.2385, "riesgo_madrugada": 0.1409}}, {"type": "Feature", "geometry": {"type": "Polygon", "coordinates": [[[-58.47698836904682, -34.57263290465241], [-58.472993493680114, -34.5707528921476], [-58.473743572376534, -34.566905641998076], [-58.47848839472316, -34.564938508496105], [-58.482483030019914, -34.56681862384504], [-58.481733083043835, -34.57066576984309], [-58.47698836904682, -34.57263290465241]]]}, "properties": {"hex_id": "88c2e310b1fffff", "barrio": "Villa Urquiza", "comuna": 12, "riesgo_manana": 0.296, "riesgo_tarde": 0.2912, "riesgo_noche": 0.0786, "riesgo_madrugada": 0.0316}}, {"type": "Feature", "geometry": {"type": "Polygon", "coordinates": [[[-58.482483030019914, -34.56681862384504], [-58.47848839472316, -34.564938508496105], [-58.47923838191431, -34.56109090110659], [-58.48398287267934, -34.55912351327695], [-58.48797726785782, -34.561003731519826], [-58.48722741239341, -34.564851234689684], [-58.482483030019914, -34.56681862384504]]]}, "properties": {"hex_id": "88c2e310b3fffff", "barrio": "Villa Urquiza", "comuna": 12, "riesgo_manana": 0.2288, "riesgo_tarde": 0.2292, "riesgo_noche": 0.0615, "riesgo_madrugada": 0.0274}}, {"type": "Feature", "geometry": {"type": "Polygon", "coordinates": [[[-58.4682483398022, -34.5727197711973], [-58.46425315634557, -34.570839398785814], [-58.465003366747155, -34.566992044527254], [-58.46974862890405, -34.56502516678051], [-58.473743572376534, -34.566905641998076], [-58.472993493680114, -34.5707528921476], [-58.4682483398022, -34.5727197711973]]]}, "properties": {"hex_id": "88c2e310b5fffff", "barrio": "Belgrano", "comuna": 13, "riesgo_manana": 0.1447, "riesgo_tarde": 0.1596, "riesgo_noche": 0.0293, "riesgo_madrugada": 0.0129}}, {"type": "Feature", "geometry": {"type": "Polygon", "coordinates": [[[-58.473743572376534, -34.566905641998076], [-58.46974862890405, -34.56502516678051], [-58.470498747806865, -34.56117745521384], [-58.47524367847438, -34.559210323033184], [-58.47923838191431, -34.56109090110659], [-58.47848839472316, -34.564938508496105], [-58.473743572376534, -34.566905641998076]]]}, "properties": {"hex_id": "88c2e310b7fffff", "barrio": "Coghlan", "comuna": 12, "riesgo_manana": 0.3002, "riesgo_tarde": 0.2852, "riesgo_noche": 0.0708, "riesgo_madrugada": 0.028}}, {"type": "Feature", "geometry": {"type": "Polygon", "coordinates": [[[-58.480233137797335, -34.57835924322904], [-58.47623833056101, -34.57647969340392], [-58.47698836904682, -34.57263290465241], [-58.481733083043835, -34.57066576984309], [-58.485727650172805, -34.572545422500575], [-58.48497774341598, -34.5763921071263], [-58.480233137797335, -34.57835924322904]]]}, "properties": {"hex_id": "88c2e310b9fffff", "barrio": "Villa Urquiza", "comuna": 12, "riesgo_manana": 0.4048, "riesgo_tarde": 0.4338, "riesgo_noche": 0.1009, "riesgo_madrugada": 0.0585}}, {"type": "Feature", "geometry": {"type": "Polygon", "coordinates": [[[-58.485727650172805, -34.572545422500575], [-58.481733083043835, -34.57066576984309], [-58.482483030019914, -34.56681862384504], [-58.48722741239341, -34.564851234689684], [-58.49122173936672, -34.56673099022935], [-58.490471924126055, -34.57057803203349], [-58.485727650172805, -34.572545422500575]]]}, "properties": {"hex_id": "88c2e310bbfffff", "barrio": "Villa Urquiza", "comuna": 12, "riesgo_manana": 0.3234, "riesgo_tarde": 0.3373, "riesgo_noche": 0.0931, "riesgo_madrugada": 0.0539}}, {"type": "Feature", "geometry": {"type": "Polygon", "coordinates": [[[-58.471493284990764, -34.57844657374264], [-58.4674981696025, -34.57656666403212], [-58.4682483398022, -34.5727197711973], [-58.472993493680114, -34.5707528921476], [-58.47698836904682, -34.57263290465241], [-58.47623833056101, -34.57647969340392], [-58.471493284990764, -34.57844657374264]]]}, "properties": {"hex_id": "88c2e310bdfffff", "barrio": "Villa Urquiza", "comuna": 12, "riesgo_manana": 0.1888, "riesgo_tarde": 0.1748, "riesgo_noche": 0.0488, "riesgo_madrugada": 0.0194}}, {"type": "Feature", "geometry": {"type": "Polygon", "coordinates": [[[-58.47897787380109, -34.607155760414045], [-58.474982790809484, -34.60527780387364], [-58.475732891679414, -34.60143311395713], [-58.48047794380276, -34.59946648448468], [-58.484472786671525, -34.601344543722334], [-58.48372281754365, -34.60518912972646], [-58.47897787380109, -34.607155760414045]]]}, "properties": {"hex_id": "88c2e310c1fffff", "barrio": "Villa Del Parque", "comuna": 11, "riesgo_manana": 0.2222, "riesgo_tarde": 0.2038, "riesgo_noche": 0.0679, "riesgo_madrugada": 0.0412}}, {"type": "Feature", "geometry": {"type": "Polygon", "coordinates": [[[-58.484472786671525, -34.601344543722334], [-58.48047794380276, -34.59946648448468], [-58.4812279531533, -34.59562143715294], [-58.48597267362795, -34.593654553030646], [-58.48996727632553, -34.595532715015445], [-58.489217398723504, -34.59937765836667], [-58.484472786671525, -34.601344543722334]]]}, "properties": {"hex_id": "88c2e310c3fffff", "barrio": "Agronomia", "comuna": 15, "riesgo_manana": 0.201, "riesgo_tarde": 0.1821, "riesgo_noche": 0.0465, "riesgo_madrugada": 0.0357}}, {"type": "Feature", "geometry": {"type": "Polygon", "coordinates": [[[-58.470237407087716, -34.60724417857181], [-58.46624201592966, -34.60536586213393], [-58.46699224852657, -34.601521068347424], [-58.47173774055843, -34.59955469486006], [-58.475732891679414, -34.60143311395713], [-58.474982790809484, -34.60527780387364], [-58.470237407087716, -34.60724417857181]]]}, "properties": {"hex_id": "88c2e310c5fffff", "barrio": "Villa Gral. Mitre", "comuna": 11, "riesgo_manana": 0.364, "riesgo_tarde": 0.3204, "riesgo_noche": 0.1128, "riesgo_madrugada": 0.0863}}, {"type": "Feature", "geometry": {"type": "Polygon", "coordinates": [[[-58.475732891679414, -34.60143311395713], [-58.47173774055843, -34.59955469486006], [-58.472487881642365, -34.59570954359021], [-58.47723304211773, -34.5937429153468], [-58.4812279531533, -34.59562143715294], [-58.48047794380276, -34.59946648448468], [-58.475732891679414, -34.60143311395713]]]}, "properties": {"hex_id": "88c2e310c7fffff", "barrio": "Paternal", "comuna": 15, "riesgo_manana": 0.1422, "riesgo_tarde": 0.1404, "riesgo_noche": 0.0339, "riesgo_madrugada": 0.0258}}, {"type": "Feature", "geometry": {"type": "Polygon", "coordinates": [[[-58.48222282798694, -34.6128774830135], [-58.47822781314929, -34.61099998899653], [-58.47897787380109, -34.607155760414045], [-58.48372281754365, -34.60518912972646], [-58.48771759222106, -34.607066726428855], [-58.48696766332, -34.610910851124665], [-58.48222282798694, -34.6128774830135]]]}, "properties": {"hex_id": "88c2e310c9fffff", "barrio": "Villa Santa Rita", "comuna": 11, "riesgo_manana": 0.3304, "riesgo_tarde": 0.3219, "riesgo_noche": 0.0884, "riesgo_madrugada": 0.0489}}, {"type": "Feature", "geometry": {"type": "Polygon", "coordinates": [[[-58.48771759222106, -34.607066726428855], [-58.48372281754365, -34.60518912972646], [-58.484472786671525, -34.601344543722334], [-58.489217398723504, -34.59937765836667], [-58.49321193319231, -34.60125535780438], [-58.4924620958216, -34.60509983985373], [-58.48771759222106, -34.607066726428855]]]}, "properties": {"hex_id": "88c2e310cbfffff", "barrio": "Villa Del Parque", "comuna": 11, "riesgo_manana": 0.2436, "riesgo_tarde": 0.2357, "riesgo_noche": 0.0651, "riesgo_madrugada": 0.0384}}, {"type": "Feature", "geometry": {"type": "Polygon", "coordinates": [[[-58.47348253776638, -34.61296636489166], [-58.46948721470029, -34.61108851099863], [-58.470237407087716, -34.60724417857181], [-58.474982790809484, -34.60527780387364], [-58.47897787380109, -34.607155760414045], [-58.47822781314929, -34.61099998899653], [-58.47348253776638, -34.61296636489166]]]}, "properties": {"hex_id": "88c2e310cdfffff", "barrio": "Villa Gral. Mitre", "comuna": 11, "riesgo_manana": 0.2673, "riesgo_tarde": 0.2586, "riesgo_noche": 0.072, "riesgo_madrugada": 0.0448}}, {"type": "Feature", "geometry": {"type": "Polygon", "coordinates": [[[-58.49870585084859, -34.59544337733905], [-58.49471155663665, -34.59356557511611], [-58.495461342710904, -34.58972027449227], [-58.50020529123097, -34.58775288017373], [-58.50419934513775, -34.589630785231776], [-58.50344969083346, -34.59347598176457], [-58.49870585084859, -34.59544337733905]]]}, "properties": {"hex_id": "88c2e310d1fffff", "barrio": "Agronomia", "comuna": 15, "riesgo_manana": 0.2221, "riesgo_tarde": 0.2072, "riesgo_noche": 0.056, "riesgo_madrugada": 0.0279}}, {"type": "Feature", "geometry": {"type": "Polygon", "coordinates": [[[-58.50419934513775, -34.589630785231776], [-58.50020529123097, -34.58775288017373], [-58.50095498577558, -34.583907222351904], [-58.505698602454395, -34.58193957373861], [-58.50969241600777, -34.58381758168164], [-58.50894285323955, -34.58766313534429], [-58.50419934513775, -34.589630785231776]]]}, "properties": {"hex_id": "88c2e310d3fffff", "barrio": "Villa Pueyrredon", "comuna": 12, "riesgo_manana": 0.2777, "riesgo_tarde": 0.2515, "riesgo_noche": 0.0682, "riesgo_madrugada": 0.04}}, {"type": "Feature", "geometry": {"type": "Polygon", "coordinates": [[[-58.48996727632553, -34.595532715015445], [-58.48597267362795, -34.593654553030646], [-58.48672259145714, -34.589809148358185], [-58.491466980232836, -34.58784200971045], [-58.495461342710904, -34.58972027449227], [-58.49471155663665, -34.59356557511611], [-58.48996727632553, -34.595532715015445]]]}, "properties": {"hex_id": "88c2e310d5fffff", "barrio": "Agronomia", "comuna": 15, "riesgo_manana": 0.1039, "riesgo_tarde": 0.1069, "riesgo_noche": 0.0269, "riesgo_madrugada": 0.0184}}, {"type": "Feature", "geometry": {"type": "Polygon", "coordinates": [[[-58.495461342710904, -34.58972027449227], [-58.491466980232836, -34.58784200971045], [-58.49221680653876, -34.583996247771886], [-58.49696086356528, -34.582028854723184], [-58.50095498577558, -34.583907222351904], [-58.50020529123097, -34.58775288017373], [-58.495461342710904, -34.58972027449227]]]}, "properties": {"hex_id": "88c2e310d7fffff", "barrio": "Villa Pueyrredon", "comuna": 12, "riesgo_manana": 0.2403, "riesgo_tarde": 0.2202, "riesgo_noche": 0.0561, "riesgo_madrugada": 0.0286}}, {"type": "Feature", "geometry": {"type": "Polygon", "coordinates": [[[-58.50195033093132, -34.6011655563647], [-58.49795610501012, -34.599288216667404], [-58.49870585084859, -34.59544337733905], [-58.50344969083346, -34.59347598176457], [-58.50744367641215, -34.59535342428519], [-58.506694062352324, -34.59919815954827], [-58.50195033093132, -34.6011655563647]]]}, "properties": {"hex_id": "88c2e310d9fffff", "barrio": "Villa Devoto", "comuna": 11, "riesgo_manana": 0.2064, "riesgo_tarde": 0.2149, "riesgo_noche": 0.0629, "riesgo_madrugada": 0.0338}}, {"type": "Feature", "geometry": {"type": "Polygon", "coordinates": [[[-58.50744367641215, -34.59535342428519], [-58.50344969083346, -34.59347598176457], [-58.50419934513775, -34.589630785231776], [-58.50894285323955, -34.58766313534429], [-58.5129365984275, -34.58954068073812], [-58.51218707590823, -34.5933857731375], [-58.50744367641215, -34.59535342428519]]]}, "properties": {"hex_id": "88c2e310dbfffff", "barrio": "Villa Devoto", "comuna": 11, "riesgo_manana": 0.279, "riesgo_tarde": 0.2447, "riesgo_noche": 0.0794, "riesgo_madrugada": 0.0629}}, {"type": "Feature", "geometry": {"type": "Polygon", "coordinates": [[[-58.49321193319231, -34.60125535780438], [-58.489217398723504, -34.59937765836667], [-58.48996727632553, -34.595532715015445], [-58.49471155663665, -34.59356557511611], [-58.49870585084859, -34.59544337733905], [-58.49795610501012, -34.599288216667404], [-58.49321193319231, -34.60125535780438]]]}, "properties": {"hex_id": "88c2e310ddfffff", "barrio": "Villa Del Parque", "comuna": 11, "riesgo_manana": 0.2576, "riesgo_tarde": 0.2565, "riesgo_noche": 0.0649, "riesgo_madrugada": 0.0369}}, {"type": "Feature", "geometry": {"type": "Polygon", "coordinates": [[[-58.458250857523815, -34.601608406731934], [-58.45425509034196, -34.599729267737764], [-58.45500549484736, -34.59588390871892], [-58.45975153483533, -34.59391779253883], [-58.46374706210343, -34.59579703416594], [-58.46299678930117, -34.59964228933151], [-58.458250857523815, -34.601608406731934]]]}, "properties": {"hex_id": "88c2e310e1fffff", "barrio": "Paternal", "comuna": 15, "riesgo_manana": 0.1804, "riesgo_tarde": 0.1833, "riesgo_noche": 0.0467, "riesgo_madrugada": 0.0267}}, {"type": "Feature", "geometry": {"type": "Polygon", "coordinates": [[[-58.46374706210343, -34.59579703416594], [-58.45975153483533, -34.59391779253883], [-58.460501847838756, -34.59007207597496], [-58.465247556404506, -34.58810570495089], [-58.469242843710404, -34.589985049260804], [-58.46849266241661, -34.59383066190329], [-58.46374706210343, -34.59579703416594]]]}, "properties": {"hex_id": "88c2e310e3fffff", "barrio": "Chacarita", "comuna": 15, "riesgo_manana": 0.077, "riesgo_tarde": 0.0798, "riesgo_noche": 0.021, "riesgo_madrugada": 0.0153}}, {"type": "Feature", "geometry": {"type": "Polygon", "coordinates": [[[-58.44950871898217, -34.601695128949494], [-58.44551264399181, -34.59981562991766], [-58.44626318018521, -34.59597016708796], [-58.45100965968485, -34.59400430709223], [-58.45500549484736, -34.59588390871892], [-58.45425509034196, -34.599729267737764], [-58.44950871898217, -34.601695128949494]]]}, "properties": {"hex_id": "88c2e310e5fffff", "barrio": "Villa Crespo", "comuna": 15, "riesgo_manana": 0.3347, "riesgo_tarde": 0.3864, "riesgo_noche": 0.1099, "riesgo_madrugada": 0.0504}}, {"type": "Feature", "geometry": {"type": "Polygon", "coordinates": [[[-58.45500549484736, -34.59588390871892], [-58.45100965968485, -34.59400430709223], [-58.45176010438274, -34.590158486649386], [-58.45650625255254, -34.588192371703514], [-58.460501847838756, -34.59007207597496], [-58.45975153483533, -34.59391779253883], [-58.45500549484736, -34.59588390871892]]]}, "properties": {"hex_id": "88c2e310e7fffff", "barrio": "Chacarita", "comuna": 15, "riesgo_manana": 0.0859, "riesgo_tarde": 0.0932, "riesgo_noche": 0.0327, "riesgo_madrugada": 0.0196}}, {"type": "Feature", "geometry": {"type": "Polygon", "coordinates": [[[-58.461496192391664, -34.60733198074086], [-58.45750049321508, -34.60545330434607], [-58.458250857523815, -34.601608406731934], [-58.46299678930117, -34.59964228933151], [-58.46699224852657, -34.601521068347424], [-58.46624201592966, -34.60536586213393], [-58.461496192391664, -34.60733198074086]]]}, "properties": {"hex_id": "88c2e310e9fffff", "barrio": "Paternal", "comuna": 15, "riesgo_manana": 0.4579, "riesgo_tarde": 0.4472, "riesgo_noche": 0.1134, "riesgo_madrugada": 0.076}}, {"type": "Feature", "geometry": {"type": "Polygon", "coordinates": [[[-58.46699224852657, -34.601521068347424], [-58.46299678930117, -34.59964228933151], [-58.46374706210343, -34.59579703416594], [-58.46849266241661, -34.59383066190329], [-58.472487881642365, -34.59570954359021], [-58.47173774055843, -34.59955469486006], [-58.46699224852657, -34.601521068347424]]]}, "properties": {"hex_id": "88c2e310ebfffff", "barrio": "Paternal", "comuna": 15, "riesgo_manana": 0.2278, "riesgo_tarde": 0.1986, "riesgo_noche": 0.0728, "riesgo_madrugada": 0.0559}}, {"type": "Feature", "geometry": {"type": "Polygon", "coordinates": [[[-58.4527542300239, -34.60741916675993], [-58.44875822297674, -34.60554013034881], [-58.44950871898217, -34.601695128949494], [-58.45425509034196, -34.599729267737764], [-58.458250857523815, -34.601608406731934], [-58.45750049321508, -34.60545330434607], [-58.4527542300239, -34.60741916675993]]]}, "properties": {"hex_id": "88c2e310edfffff", "barrio": "Villa Crespo", "comuna": 15, "riesgo_manana": 0.4029, "riesgo_tarde": 0.4116, "riesgo_noche": 0.1295, "riesgo_madrugada": 0.0621}}, {"type": "Feature", "geometry": {"type": "Polygon", "coordinates": [[[-58.37828234218575, -34.63116256613222], [-58.374283534120046, -34.62928177729792], [-58.37503518580908, -34.62543758693289], [-58.37978551398886, -34.623474288652], [-58.38378408290095, -34.625355179641545], [-58.38303256279079, -34.629199266748], [-58.37828234218575, -34.63116256613222]]]}, "properties": {"hex_id": "88c2e31101fffff", "barrio": "Constitucion", "comuna": 1, "riesgo_manana": 1.331, "riesgo_tarde": 1.8312, "riesgo_noche": 0.4453, "riesgo_madrugada": 0.4601}}, {"type": "Feature", "geometry": {"type": "Polygon", "coordinates": [[[-58.38378408290095, -34.625355179641545], [-58.37978551398886, -34.623474288652], [-58.380537074225145, -34.61962973996201], [-58.385287071791986, -34.61766618557938], [-58.3892854015017, -34.619547178774056], [-58.38853397285087, -34.623391624137504], [-58.38378408290095, -34.625355179641545]]]}, "properties": {"hex_id": "88c2e31103fffff", "barrio": "Constitucion", "comuna": 1, "riesgo_manana": 0.7662, "riesgo_tarde": 0.9081, "riesgo_noche": 0.2959, "riesgo_madrugada": 0.2553}}, {"type": "Feature", "geometry": {"type": "Polygon", "coordinates": [[[-58.369532875378226, -34.631244819352986], [-58.36553376082574, -34.62936366993543], [-58.36628554407824, -34.6255193763543], [-58.3710363103237, -34.623556335398106], [-58.37503518580908, -34.62543758693289], [-58.374283534120046, -34.62928177729792], [-58.369532875378226, -34.631244819352986]]]}, "properties": {"hex_id": "88c2e31105fffff", "barrio": "San Telmo", "comuna": 1, "riesgo_manana": 0.6254, "riesgo_tarde": 0.7727, "riesgo_noche": 0.2304, "riesgo_madrugada": 0.1542}}, {"type": "Feature", "geometry": {"type": "Polygon", "coordinates": [[[-58.37503518580908, -34.62543758693289], [-58.3710363103237, -34.623556335398106], [-58.371788002130124, -34.619711683424036], [-58.37653843785572, -34.6177483862601], [-58.380537074225145, -34.61962973996201], [-58.37978551398886, -34.623474288652], [-58.37503518580908, -34.62543758693289]]]}, "properties": {"hex_id": "88c2e31107fffff", "barrio": "San Telmo", "comuna": 1, "riesgo_manana": 0.791, "riesgo_tarde": 0.9061, "riesgo_noche": 0.2839, "riesgo_madrugada": 0.2841}}, {"type": "Feature", "geometry": {"type": "Polygon", "coordinates": [[[-58.38152947123963, -34.636886621074424], [-58.377530730618304, -34.63500629490755], [-58.37828234218575, -34.63116256613222], [-58.38303256279079, -34.629199266748], [-58.387031064220906, -34.631079695058204], [-58.38627958424109, -34.634923320600535], [-58.38152947123963, -34.636886621074424]]]}, "properties": {"hex_id": "88c2e31109fffff", "barrio": "Barracas", "comuna": 4, "riesgo_manana": 0.3463, "riesgo_tarde": 0.3599, "riesgo_noche": 0.1039, "riesgo_madrugada": 0.079}}, {"type": "Feature", "geometry": {"type": "Polygon", "coordinates": [[[-58.387031064220906, -34.631079695058204], [-58.38303256279079, -34.629199266748], [-58.38378408290095, -34.625355179641545], [-58.38853397285087, -34.623391624137504], [-58.392532235040974, -34.625272154640946], [-58.39178084652507, -34.62911613844645], [-58.387031064220906, -34.631079695058204]]]}, "properties": {"hex_id": "88c2e3110bfffff", "barrio": "Constitucion", "comuna": 1, "riesgo_manana": 0.8162, "riesgo_tarde": 0.9498, "riesgo_noche": 0.3231, "riesgo_madrugada": 0.2914}}, {"type": "Feature", "geometry": {"type": "Polygon", "coordinates": [[[-58.372780179409006, -34.63696933804789], [-58.368781132238546, -34.63508865131891], [-58.369532875378226, -34.631244819352986], [-58.374283534120046, -34.62928177729792], [-58.37828234218575, -34.63116256613222], [-58.377530730618304, -34.63500629490755], [-58.372780179409006, -34.63696933804789]]]}, "properties": {"hex_id": "88c2e3110dfffff", "barrio": "Barracas", "comuna": 4, "riesgo_manana": 0.4981, "riesgo_tarde": 0.641, "riesgo_noche": 0.1465, "riesgo_madrugada": 0.0945}}, {"type": "Feature", "geometry": {"type": "Polygon", "coordinates": [[[-58.39803298364701, -34.61946400002089], [-58.39403496074568, -34.61758336727428], [-58.39478629793515, -34.61373856372807], [-58.39953552642245, -34.6117744963567], [-58.403533309986265, -34.61365523139638], [-58.4027821044042, -34.617499931505606], [-58.39803298364701, -34.61946400002089]]]}, "properties": {"hex_id": "88c2e31111fffff", "barrio": "Balvanera", "comuna": 3, "riesgo_manana": 0.5809, "riesgo_tarde": 0.5997, "riesgo_noche": 0.1717, "riesgo_madrugada": 0.1211}}, {"type": "Feature", "geometry": {"type": "Polygon", "coordinates": [[[-58.403533309986265, -34.61365523139638], [-58.39953552642245, -34.6117744963567], [-58.400286772148554, -34.60792933470198], [-58.40503566982836, -34.60596501158319], [-58.40903321400596, -34.60784584896581], [-58.40828209989386, -34.61169090711552], [-58.403533309986265, -34.61365523139638]]]}, "properties": {"hex_id": "88c2e31113fffff", "barrio": "Balvanera", "comuna": 3, "riesgo_manana": 1.5083, "riesgo_tarde": 1.8155, "riesgo_noche": 0.3196, "riesgo_madrugada": 0.2347}}, {"type": "Feature", "geometry": {"type": "Polygon", "coordinates": [[[-58.3892854015017, -34.619547178774056], [-58.385287071791986, -34.61766618557938], [-58.38603854057354, -34.613821278638625], [-58.39078820747662, -34.611857468278345], [-58.39478629793515, -34.61373856372807], [-58.39403496074568, -34.61758336727428], [-58.3892854015017, -34.619547178774056]]]}, "properties": {"hex_id": "88c2e31115fffff", "barrio": "Monserrat", "comuna": 1, "riesgo_manana": 0.7077, "riesgo_tarde": 0.7749, "riesgo_noche": 0.2274, "riesgo_madrugada": 0.1657}}, {"type": "Feature", "geometry": {"type": "Polygon", "coordinates": [[[-58.39478629793515, -34.61373856372807], [-58.39078820747662, -34.611857468278345], [-58.391539584801414, -34.608012203161074], [-58.396288920989925, -34.60604813694733], [-58.400286772148554, -34.60792933470198], [-58.39953552642245, -34.6117744963567], [-58.39478629793515, -34.61373856372807]]]}, "properties": {"hex_id": "88c2e31117fffff", "barrio": "Balvanera", "comuna": 3, "riesgo_manana": 0.8575, "riesgo_tarde": 1.1308, "riesgo_noche": 0.2397, "riesgo_madrugada": 0.1893}}, {"type": "Feature", "geometry": {"type": "Polygon", "coordinates": [[[-58.40127964191648, -34.62518851209188], [-58.39728168659703, -34.62330834201537], [-58.39803298364701, -34.61946400002089], [-58.4027821044042, -34.617499931505606], [-58.406779820348575, -34.6193802038633], [-58.40602865491473, -34.62322444244639], [-58.40127964191648, -34.62518851209188]]]}, "properties": {"hex_id": "88c2e31119fffff", "barrio": "San Cristobal", "comuna": 3, "riesgo_manana": 0.6422, "riesgo_tarde": 0.7091, "riesgo_noche": 0.1744, "riesgo_madrugada": 0.1091}}, {"type": "Feature", "geometry": {"type": "Polygon", "coordinates": [[[-58.406779820348575, -34.6193802038633], [-58.4027821044042, -34.617499931505606], [-58.403533309986265, -34.61365523139638], [-58.40828209989386, -34.61169090711552], [-58.412279576414456, -34.613571281804326], [-58.4115285024551, -34.61741587843415], [-58.406779820348575, -34.6193802038633]]]}, "properties": {"hex_id": "88c2e3111bfffff", "barrio": "Balvanera", "comuna": 3, "riesgo_manana": 0.7273, "riesgo_tarde": 0.7584, "riesgo_noche": 0.2676, "riesgo_madrugada": 0.1649}}, {"type": "Feature", "geometry": {"type": "Polygon", "coordinates": [[[-58.392532235040974, -34.625272154640946], [-58.38853397285087, -34.623391624137504], [-58.3892854015017, -34.619547178774056], [-58.39403496074568, -34.61758336727428], [-58.39803298364701, -34.61946400002089], [-58.39728168659703, -34.62330834201537], [-58.392532235040974, -34.625272154640946]]]}, "properties": {"hex_id": "88c2e3111dfffff", "barrio": "San Cristobal", "comuna": 3, "riesgo_manana": 0.7717, "riesgo_tarde": 0.8529, "riesgo_noche": 0.2393, "riesgo_madrugada": 0.1512}}, {"type": "Feature", "geometry": {"type": "Polygon", "coordinates": [[[-58.357535158021555, -34.62560054774511], [-58.353535669836155, -34.623718574942515], [-58.35428762473663, -34.61987371652763], [-58.35903893628711, -34.61791093410576], [-58.363038185529575, -34.61979300899944], [-58.362286362168426, -34.623637764215154], [-58.357535158021555, -34.62560054774511]]]}, "properties": {"hex_id": "88c2e31121fffff", "barrio": "La Boca", "comuna": 4, "riesgo_manana": 0.0457, "riesgo_tarde": 0.0666, "riesgo_noche": 0.0221, "riesgo_madrugada": 0.01}}, {"type": "Feature", "geometry": {"type": "Polygon", "coordinates": [[[-58.34878402795221, -34.625681100944696], [-58.34478423364025, -34.62379876741966], [-58.34553632006459, -34.61995380584805], [-58.35028806928099, -34.61799128094947], [-58.35428762473663, -34.61987371652763], [-58.353535669836155, -34.623718574942515], [-58.34878402795221, -34.625681100944696]]]}, "properties": {"hex_id": "88c2e31125fffff", "barrio": "La Boca", "comuna": 4, "riesgo_manana": 0.0063, "riesgo_tarde": 0.0073, "riesgo_noche": 0.0031, "riesgo_madrugada": 0.0013}}, {"type": "Feature", "geometry": {"type": "Polygon", "coordinates": [[[-58.35428762473663, -34.61987371652763], [-58.35028806928099, -34.61799128094947], [-58.351040064277136, -34.61414596085515], [-58.35579148320234, -34.612183179554954], [-58.359790799752716, -34.61406571723613], [-58.35903893628711, -34.61791093410576], [-58.35428762473663, -34.61987371652763]]]}, "properties": {"hex_id": "88c2e31127fffff", "barrio": "Puerto Madero", "comuna": 1, "riesgo_manana": 0.1093, "riesgo_tarde": 0.185, "riesgo_noche": 0.0465, "riesgo_madrugada": 0.0294}}, {"type": "Feature", "geometry": {"type": "Polygon", "coordinates": [[[-58.360782664111376, -34.631326454559826], [-58.35678324322093, -34.62944494449988], [-58.357535158021555, -34.62560054774511], [-58.362286362168426, -34.623637764215154], [-58.36628554407824, -34.6255193763543], [-58.36553376082574, -34.62936366993543], [-58.360782664111376, -34.631326454559826]]]}, "properties": {"hex_id": "88c2e31129fffff", "barrio": "La Boca", "comuna": 4, "riesgo_manana": 0.2895, "riesgo_tarde": 0.3635, "riesgo_noche": 0.1221, "riesgo_madrugada": 0.0724}}, {"type": "Feature", "geometry": {"type": "Polygon", "coordinates": [[[-58.36628554407824, -34.6255193763543], [-58.362286362168426, -34.623637764215154], [-58.363038185529575, -34.61979300899944], [-58.36778905924978, -34.61782996915578], [-58.371788002130124, -34.619711683424036], [-58.3710363103237, -34.623556335398106], [-58.36628554407824, -34.6255193763543]]]}, "properties": {"hex_id": "88c2e3112bfffff", "barrio": "San Telmo", "comuna": 1, "riesgo_manana": 0.478, "riesgo_tarde": 0.5933, "riesgo_noche": 0.1318, "riesgo_madrugada": 0.0998}}, {"type": "Feature", "geometry": {"type": "Polygon", "coordinates": [[[-58.35203170869834, -34.63140747159207], [-58.34803198161895, -34.62952560083071], [-58.34878402795221, -34.625681100944696], [-58.353535669836155, -34.623718574942515], [-58.357535158021555, -34.62560054774511], [-58.35678324322093, -34.62944494449988], [-58.35203170869834, -34.63140747159207]]]}, "properties": {"hex_id": "88c2e3112dfffff", "barrio": "La Boca", "comuna": 4, "riesgo_manana": 0.016, "riesgo_tarde": 0.0223, "riesgo_noche": 0.006, "riesgo_madrugada": 0.0032}}, {"type": "Feature", "geometry": {"type": "Polygon", "coordinates": [[[-58.377290038214014, -34.61390337596726], [-58.373291334411995, -34.61202155951999], [-58.3740429748881, -34.608176087604974], [-58.37879318760216, -34.60621253550614], [-58.38279165227702, -34.60809445418231], [-58.382040143368904, -34.61193982271967], [-58.377290038214014, -34.61390337596726]]]}, "properties": {"hex_id": "88c2e31131fffff", "barrio": "Monserrat", "comuna": 1, "riesgo_manana": 0.9526, "riesgo_tarde": 1.2489, "riesgo_noche": 0.2223, "riesgo_madrugada": 0.2207}}, {"type": "Feature", "geometry": {"type": "Polygon", "coordinates": [[[-58.38279165227702, -34.60809445418231], [-58.37879318760216, -34.60621253550614], [-58.379544736632646, -34.60236670535285], [-58.384294618767335, -34.60040289731264], [-58.388292844266225, -34.60228491826758], [-58.387541426810344, -34.60613064497521], [-58.38279165227702, -34.60809445418231]]]}, "properties": {"hex_id": "88c2e31133fffff", "barrio": "San Nicolas", "comuna": 1, "riesgo_manana": 1.3024, "riesgo_tarde": 2.1293, "riesgo_noche": 0.4857, "riesgo_madrugada": 0.209}}, {"type": "Feature", "geometry": {"type": "Polygon", "coordinates": [[[-58.36854079116942, -34.61398485555331], [-58.36454178091878, -34.612102678518625], [-58.36529355294747, -34.608257103268436], [-58.37004420367815, -34.60629380837939], [-58.3740429748881, -34.608176087604974], [-58.373291334411995, -34.61202155951999], [-58.36854079116942, -34.61398485555331]]]}, "properties": {"hex_id": "88c2e31135fffff", "barrio": "Monserrat", "comuna": 1, "riesgo_manana": 0.5685, "riesgo_tarde": 0.801, "riesgo_noche": 0.1102, "riesgo_madrugada": 0.0725}}, {"type": "Feature", "geometry": {"type": "Polygon", "coordinates": [[[-58.3740429748881, -34.608176087604974], [-58.37004420367815, -34.60629380837939], [-58.37079588426785, -34.60244787482293], [-58.37554620451224, -34.60048432388651], [-58.379544736632646, -34.60236670535285], [-58.37879318760216, -34.60621253550614], [-58.3740429748881, -34.608176087604974]]]}, "properties": {"hex_id": "88c2e31137fffff", "barrio": "San Nicolas", "comuna": 1, "riesgo_manana": 1.1582, "riesgo_tarde": 1.3093, "riesgo_noche": 0.1964, "riesgo_madrugada": 0.1271}}, {"type": "Feature", "geometry": {"type": "Polygon", "coordinates": [[[-58.380537074225145, -34.61962973996201], [-58.37653843785572, -34.6177483862601], [-58.377290038214014, -34.61390337596726], [-58.382040143368904, -34.61193982271967], [-58.38603854057354, -34.613821278638625], [-58.385287071791986, -34.61766618557938], [-58.380537074225145, -34.61962973996201]]]}, "properties": {"hex_id": "88c2e31139fffff", "barrio": "Monserrat", "comuna": 1, "riesgo_manana": 0.7582, "riesgo_tarde": 0.9144, "riesgo_noche": 0.2084, "riesgo_madrugada": 0.1916}}, {"type": "Feature", "geometry": {"type": "Polygon", "coordinates": [[[-58.38603854057354, -34.613821278638625], [-58.382040143368904, -34.61193982271967], [-58.38279165227702, -34.60809445418231], [-58.387541426810344, -34.60613064497521], [-58.391539584801414, -34.608012203161074], [-58.39078820747662, -34.611857468278345], [-58.38603854057354, -34.613821278638625]]]}, "properties": {"hex_id": "88c2e3113bfffff", "barrio": "Monserrat", "comuna": 1, "riesgo_manana": 0.7349, "riesgo_tarde": 1.0725, "riesgo_noche": 0.2889, "riesgo_madrugada": 0.1823}}, {"type": "Feature", "geometry": {"type": "Polygon", "coordinates": [[[-58.371788002130124, -34.619711683424036], [-58.36778905924978, -34.61782996915578], [-58.36854079116942, -34.61398485555331], [-58.373291334411995, -34.61202155951999], [-58.377290038214014, -34.61390337596726], [-58.37653843785572, -34.6177483862601], [-58.371788002130124, -34.619711683424036]]]}, "properties": {"hex_id": "88c2e3113dfffff", "barrio": "Monserrat", "comuna": 1, "riesgo_manana": 0.9347, "riesgo_tarde": 1.0709, "riesgo_noche": 0.3326, "riesgo_madrugada": 0.3554}}, {"type": "Feature", "geometry": {"type": "Polygon", "coordinates": [[[-58.37927470558081, -34.64841560273627], [-58.375275793248534, -34.64653584128525], [-58.376027456150034, -34.642692932491485], [-58.380777899797955, -34.64072988827951], [-58.384776572950194, -34.642609751811996], [-58.38402504163848, -34.64645255746628], [-58.37927470558081, -34.64841560273627]]]}, "properties": {"hex_id": "88c2e31141fffff", "barrio": "Barracas", "comuna": 4, "riesgo_manana": 0.2298, "riesgo_tarde": 0.2534, "riesgo_noche": 0.0786, "riesgo_madrugada": 0.0488}}, {"type": "Feature", "geometry": {"type": "Polygon", "coordinates": [[[-58.384776572950194, -34.642609751811996], [-58.380777899797955, -34.64072988827951], [-58.38152947123963, -34.636886621074424], [-58.38627958424109, -34.634923320600535], [-58.3902780181645, -34.636803286264445], [-58.389526578319206, -34.640646450262096], [-58.384776572950194, -34.642609751811996]]]}, "properties": {"hex_id": "88c2e31143fffff", "barrio": "Barracas", "comuna": 4, "riesgo_manana": 0.1492, "riesgo_tarde": 0.1436, "riesgo_noche": 0.041, "riesgo_madrugada": 0.0321}}, {"type": "Feature", "geometry": {"type": "Polygon", "coordinates": [[[-58.37052501900501, -34.64849862911134], [-58.366525800147734, -34.646618507081314], [-58.36727759462362, -34.64277549519047], [-58.37202847638632, -34.64081270841801], [-58.376027456150034, -34.642692932491485], [-58.375275793248534, -34.64653584128525], [-58.37052501900501, -34.64849862911134]]]}, "properties": {"hex_id": "88c2e31145fffff", "barrio": "Barracas", "comuna": 4, "riesgo_manana": 0.4009, "riesgo_tarde": 0.4545, "riesgo_noche": 0.1374, "riesgo_madrugada": 0.0856}}, {"type": "Feature", "geometry": {"type": "Polygon", "coordinates": [[[-58.376027456150034, -34.642692932491485], [-58.37202847638632, -34.64081270841801], [-58.372780179409006, -34.63696933804789], [-58.377530730618304, -34.63500629490755], [-58.38152947123963, -34.636886621074424], [-58.380777899797955, -34.64072988827951], [-58.376027456150034, -34.642692932491485]]]}, "properties": {"hex_id": "88c2e31147fffff", "barrio": "Barracas", "comuna": 4, "riesgo_manana": 0.4051, "riesgo_tarde": 0.509, "riesgo_noche": 0.106, "riesgo_madrugada": 0.0613}}, {"type": "Feature", "geometry": {"type": "Polygon", "coordinates": [[[-58.38252192768082, -34.654137348834894], [-58.37852308280469, -34.65225804997317], [-58.37927470558081, -34.64841560273627], [-58.38402504163848, -34.64645255746628], [-58.388023647296976, -34.64833195839753], [-58.38727215611935, -34.6521743025205], [-58.38252192768082, -34.654137348834894]]]}, "properties": {"hex_id": "88c2e31149fffff", "barrio": "Barracas", "comuna": 4, "riesgo_manana": 0.2646, "riesgo_tarde": 0.2764, "riesgo_noche": 0.0897, "riesgo_madrugada": 0.0597}}, {"type": "Feature", "geometry": {"type": "Polygon", "coordinates": [[[-58.388023647296976, -34.64833195839753], [-58.38402504163848, -34.64645255746628], [-58.384776572950194, -34.642609751811996], [-58.389526578319206, -34.640646450262096], [-58.39352494471126, -34.64252595331281], [-58.39277354500465, -34.64636865578523], [-58.388023647296976, -34.64833195839753]]]}, "properties": {"hex_id": "88c2e3114bfffff", "barrio": "Barracas", "comuna": 4, "riesgo_manana": 0.1516, "riesgo_tarde": 0.1412, "riesgo_noche": 0.0431, "riesgo_madrugada": 0.0349}}, {"type": "Feature", "geometry": {"type": "Polygon", "coordinates": [[[-58.3737724161092, -34.65422083883931], [-58.36977326464572, -34.652341179419764], [-58.37052501900501, -34.64849862911134], [-58.375275793248534, -34.64653584128525], [-58.37927470558081, -34.64841560273627], [-58.37852308280469, -34.65225804997317], [-58.3737724161092, -34.65422083883931]]]}, "properties": {"hex_id": "88c2e3114dfffff", "barrio": "Barracas", "comuna": 4, "riesgo_manana": 0.2909, "riesgo_tarde": 0.39, "riesgo_noche": 0.087, "riesgo_madrugada": 0.0664}}, {"type": "Feature", "geometry": {"type": "Polygon", "coordinates": [[[-58.39902581987087, -34.63671933377878], [-58.395027692794045, -34.63483972855864], [-58.39577904117086, -34.63099620629169], [-58.40052838501013, -34.62903239255399], [-58.404526272723025, -34.63091209999352], [-58.40377505596449, -34.63475551894263], [-58.39902581987087, -34.63671933377878]]]}, "properties": {"hex_id": "88c2e31151fffff", "barrio": "Parque Patricios", "comuna": 4, "riesgo_manana": 0.4047, "riesgo_tarde": 0.4489, "riesgo_noche": 0.1074, "riesgo_madrugada": 0.0619}}, {"type": "Feature", "geometry": {"type": "Polygon", "coordinates": [[[-58.404526272723025, -34.63091209999352], [-58.40052838501013, -34.62903239255399], [-58.40127964191648, -34.62518851209188], [-58.40602865491473, -34.62322444244639], [-58.41002630321497, -34.62510425215522], [-58.40927517793351, -34.62894802923151], [-58.404526272723025, -34.63091209999352]]]}, "properties": {"hex_id": "88c2e31153fffff", "barrio": "San Cristobal", "comuna": 3, "riesgo_manana": 0.4744, "riesgo_tarde": 0.5273, "riesgo_noche": 0.1549, "riesgo_madrugada": 0.1002}}, {"type": "Feature", "geometry": {"type": "Polygon", "coordinates": [[[-58.3902780181645, -34.636803286264445], [-58.38627958424109, -34.634923320600535], [-58.387031064220906, -34.631079695058204], [-58.39178084652507, -34.62911613844645], [-58.39577904117086, -34.63099620629169], [-58.395027692794045, -34.63483972855864], [-58.3902780181645, -34.636803286264445]]]}, "properties": {"hex_id": "88c2e31155fffff", "barrio": "Parque Patricios", "comuna": 4, "riesgo_manana": 0.4613, "riesgo_tarde": 0.4948, "riesgo_noche": 0.1267, "riesgo_madrugada": 0.0914}}, {"type": "Feature", "geometry": {"type": "Polygon", "coordinates": [[[-58.39577904117086, -34.63099620629169], [-58.39178084652507, -34.62911613844645], [-58.392532235040974, -34.625272154640946], [-58.39728168659703, -34.62330834201537], [-58.40127964191648, -34.62518851209188], [-58.40052838501013, -34.62903239255399], [-58.39577904117086, -34.63099620629169]]]}, "properties": {"hex_id": "88c2e31157fffff", "barrio": "San Cristobal", "comuna": 3, "riesgo_manana": 0.3552, "riesgo_tarde": 0.3759, "riesgo_noche": 0.1072, "riesgo_madrugada": 0.0776}}, {"type": "Feature", "geometry": {"type": "Polygon", "coordinates": [[[-58.40227257112049, -34.64244153715478], [-58.39827451163728, -34.64056239452658], [-58.39902581987087, -34.63671933377878], [-58.40377505596449, -34.63475551894263], [-58.40777287604615, -34.636634763778254], [-58.40702169943963, -34.64047772123385], [-58.40227257112049, -34.64244153715478]]]}, "properties": {"hex_id": "88c2e31159fffff", "barrio": "Parque Patricios", "comuna": 4, "riesgo_manana": 0.4102, "riesgo_tarde": 0.4669, "riesgo_noche": 0.1259, "riesgo_madrugada": 0.0808}}, {"type": "Feature", "geometry": {"type": "Polygon", "coordinates": [[[-58.40777287604615, -34.636634763778254], [-58.40377505596449, -34.63475551894263], [-58.404526272723025, -34.63091209999352], [-58.40927517793351, -34.62894802923151], [-58.41327275856494, -34.63082737632454], [-58.41252167344001, -34.63467069191345], [-58.40777287604615, -34.636634763778254]]]}, "properties": {"hex_id": "88c2e3115bfffff", "barrio": "Parque Patricios", "comuna": 4, "riesgo_manana": 0.3387, "riesgo_tarde": 0.3838, "riesgo_noche": 0.1068, "riesgo_madrugada": 0.0618}}, {"type": "Feature", "geometry": {"type": "Polygon", "coordinates": [[[-58.39352494471126, -34.64252595331281], [-58.389526578319206, -34.640646450262096], [-58.3902780181645, -34.636803286264445], [-58.395027692794045, -34.63483972855864], [-58.39902581987087, -34.63671933377878], [-58.39827451163728, -34.64056239452658], [-58.39352494471126, -34.64252595331281]]]}, "properties": {"hex_id": "88c2e3115dfffff", "barrio": "Parque Patricios", "comuna": 4, "riesgo_manana": 0.2675, "riesgo_tarde": 0.2713, "riesgo_noche": 0.0828, "riesgo_madrugada": 0.0431}}, {"type": "Feature", "geometry": {"type": "Polygon", "coordinates": [[[-58.35852698868404, -34.64285743974825], [-58.35452739614394, -34.640976494415376], [-58.355279362282474, -34.63713291784246], [-58.36003078941481, -34.63517038967386], [-58.36403014298556, -34.63705143702413], [-58.36327830839726, -34.64089491051686], [-58.35852698868404, -34.64285743974825]]]}, "properties": {"hex_id": "88c2e31161fffff", "barrio": "La Boca", "comuna": 4, "riesgo_manana": 0.3324, "riesgo_tarde": 0.4078, "riesgo_noche": 0.1134, "riesgo_madrugada": 0.0769}}, {"type": "Feature", "geometry": {"type": "Polygon", "coordinates": [[[-58.36403014298556, -34.63705143702413], [-58.36003078941481, -34.63517038967386], [-58.360782664111376, -34.631326454559826], [-58.36553376082574, -34.62936366993543], [-58.369532875378226, -34.631244819352986], [-58.368781132238546, -34.63508865131891], [-58.36403014298556, -34.63705143702413]]]}, "properties": {"hex_id": "88c2e31163fffff", "barrio": "La Boca", "comuna": 4, "riesgo_manana": 0.3382, "riesgo_tarde": 0.4596, "riesgo_noche": 0.1191, "riesgo_madrugada": 0.0719}}, {"type": "Feature", "geometry": {"type": "Polygon", "coordinates": [[[-58.355279362282474, -34.63713291784246], [-58.35127970246036, -34.635251509811816], [-58.35203170869834, -34.63140747159207], [-58.35678324322093, -34.62944494449988], [-58.360782664111376, -34.631326454559826], [-58.36003078941481, -34.63517038967386], [-58.355279362282474, -34.63713291784246]]]}, "properties": {"hex_id": "88c2e31167fffff", "barrio": "La Boca", "comuna": 4, "riesgo_manana": 0.4306, "riesgo_tarde": 0.56, "riesgo_noche": 0.1983, "riesgo_madrugada": 0.1289}}, {"type": "Feature", "geometry": {"type": "Polygon", "coordinates": [[[-58.36177458788257, -34.648581037361936], [-58.35777506264918, -34.64670055469376], [-58.35852698868404, -34.64285743974825], [-58.36327830839726, -34.64089491051686], [-58.36727759462362, -34.64277549519047], [-58.366525800147734, -34.646618507081314], [-58.36177458788257, -34.648581037361936]]]}, "properties": {"hex_id": "88c2e31169fffff", "barrio": "La Boca", "comuna": 4, "riesgo_manana": 0.1433, "riesgo_tarde": 0.1695, "riesgo_noche": 0.067, "riesgo_madrugada": 0.0451}}, {"type": "Feature", "geometry": {"type": "Polygon", "coordinates": [[[-58.36727759462362, -34.64277549519047], [-58.36327830839726, -34.64089491051686], [-58.36403014298556, -34.63705143702413], [-58.368781132238546, -34.63508865131891], [-58.372780179409006, -34.63696933804789], [-58.37202847638632, -34.64081270841801], [-58.36727759462362, -34.64277549519047]]]}, "properties": {"hex_id": "88c2e3116bfffff", "barrio": "La Boca", "comuna": 4, "riesgo_manana": 0.4281, "riesgo_tarde": 0.5405, "riesgo_noche": 0.1476, "riesgo_madrugada": 0.0894}}, {"type": "Feature", "geometry": {"type": "Polygon", "coordinates": [[[-58.416785660940654, -34.59049796572832], [-58.41278852797404, -34.58861646075965], [-58.413539539451456, -34.58476976367974], [-58.41828755227443, -34.58280467529451], [-58.422284445746385, -34.58468628276755], [-58.4215335658939, -34.58853287611271], [-58.416785660940654, -34.59049796572832]]]}, "properties": {"hex_id": "88c2e31181fffff", "barrio": "Palermo", "comuna": 14, "riesgo_manana": 0.8927, "riesgo_tarde": 1.1342, "riesgo_noche": 0.2499, "riesgo_madrugada": 0.2507}}, {"type": "Feature", "geometry": {"type": "Polygon", "coordinates": [[[-58.422284445746385, -34.58468628276755], [-58.41828755227443, -34.58280467529451], [-58.41903847228501, -34.578957620410065], [-58.42378615413991, -34.57699227679277], [-58.427782808068606, -34.578873986820014], [-58.427032019689506, -34.58272093790161], [-58.422284445746385, -34.58468628276755]]]}, "properties": {"hex_id": "88c2e31183fffff", "barrio": "Palermo", "comuna": 14, "riesgo_manana": 0.8377, "riesgo_tarde": 1.1877, "riesgo_noche": 0.2039, "riesgo_madrugada": 0.2085}}, {"type": "Feature", "geometry": {"type": "Polygon", "coordinates": [[[-58.40804018423365, -34.59058129378845], [-58.40404274417576, -34.58869942850267], [-58.404793887262855, -34.58485262773046], [-58.40954233880205, -34.58288779592761], [-58.413539539451456, -34.58476976367974], [-58.41278852797404, -34.58861646075965], [-58.40804018423365, -34.59058129378845]]]}, "properties": {"hex_id": "88c2e31185fffff", "barrio": "Palermo", "comuna": 14, "riesgo_manana": 0.7669, "riesgo_tarde": 1.2698, "riesgo_noche": 0.1764, "riesgo_madrugada": 0.1015}}, {"type": "Feature", "geometry": {"type": "Polygon", "coordinates": [[[-58.413539539451456, -34.58476976367974], [-58.40954233880205, -34.58288779592761], [-58.41029339042884, -34.5790406372828], [-58.415041511092724, -34.57707555014177], [-58.41903847228501, -34.578957620410065], [-58.41828755227443, -34.58280467529451], [-58.413539539451456, -34.58476976367974]]]}, "properties": {"hex_id": "88c2e31187fffff", "barrio": "Palermo", "comuna": 14, "riesgo_manana": 0.422, "riesgo_tarde": 0.5569, "riesgo_noche": 0.0915, "riesgo_madrugada": 0.0583}}, {"type": "Feature", "geometry": {"type": "Polygon", "coordinates": [[[-58.420031754875914, -34.59622524348067], [-58.416034689616765, -34.59434420126251], [-58.416785660940654, -34.59049796572832], [-58.4215335658939, -34.58853287611271], [-58.42553039162086, -34.590414020823424], [-58.424779551930634, -34.59426015264846], [-58.420031754875914, -34.59622524348067]]]}, "properties": {"hex_id": "88c2e31189fffff", "barrio": "Palermo", "comuna": 14, "riesgo_manana": 0.478, "riesgo_tarde": 0.5775, "riesgo_noche": 0.1903, "riesgo_madrugada": 0.1255}}, {"type": "Feature", "geometry": {"type": "Polygon", "coordinates": [[[-58.42553039162086, -34.590414020823424], [-58.4215335658939, -34.58853287611271], [-58.422284445746385, -34.58468628276755], [-58.427032019689506, -34.58272093790161], [-58.431028605835664, -34.58460218515476], [-58.43027785762338, -34.58844867472266], [-58.42553039162086, -34.590414020823424]]]}, "properties": {"hex_id": "88c2e3118bfffff", "barrio": "Palermo", "comuna": 14, "riesgo_manana": 0.5337, "riesgo_tarde": 0.7502, "riesgo_noche": 0.2629, "riesgo_madrugada": 0.1985}}, {"type": "Feature", "geometry": {"type": "Polygon", "coordinates": [[[-58.41128645370399, -34.596309035503474], [-58.407289081291374, -34.59442763298934], [-58.40804018423365, -34.59058129378845], [-58.41278852797404, -34.58861646075965], [-58.416785660940654, -34.59049796572832], [-58.416034689616765, -34.59434420126251], [-58.41128645370399, -34.596309035503474]]]}, "properties": {"hex_id": "88c2e3118dfffff", "barrio": "Recoleta", "comuna": 2, "riesgo_manana": 0.7133, "riesgo_tarde": 0.8024, "riesgo_noche": 0.2007, "riesgo_madrugada": 0.1257}}, {"type": "Feature", "geometry": {"type": "Polygon", "coordinates": [[[-58.43652639746778, -34.57878973667354], [-58.43253005095101, -34.57690838682817], [-58.433280747854674, -34.573061078084706], [-58.438027659625824, -34.571095223091355], [-58.442023766464686, -34.5729766755788], [-58.441273201214216, -34.576823880408824], [-58.43652639746778, -34.57878973667354]]]}, "properties": {"hex_id": "88c2e31191fffff", "barrio": "Palermo", "comuna": 14, "riesgo_manana": 0.3822, "riesgo_tarde": 0.4572, "riesgo_noche": 0.119, "riesgo_madrugada": 0.06}}, {"type": "Feature", "geometry": {"type": "Polygon", "coordinates": [[[-58.442023766464686, -34.5729766755788], [-58.438027659625824, -34.571095223091355], [-58.43877826505216, -34.567247556760655], [-58.44352484566149, -34.56528144689025], [-58.4475207127739, -34.567163002069606], [-58.4467702390073, -34.57101056441873], [-58.442023766464686, -34.5729766755788]]]}, "properties": {"hex_id": "88c2e31193fffff", "barrio": "Palermo", "comuna": 14, "riesgo_manana": 0.3901, "riesgo_tarde": 0.4899, "riesgo_noche": 0.0858, "riesgo_madrugada": 0.0522}}, {"type": "Feature", "geometry": {"type": "Polygon", "coordinates": [[[-58.427782808068606, -34.578873986820014], [-58.42378615413991, -34.57699227679277], [-58.42453698268163, -34.573144864178374], [-58.42928433351787, -34.57117926545344], [-58.433280747854674, -34.573061078084706], [-58.43253005095101, -34.57690838682817], [-58.427782808068606, -34.578873986820014]]]}, "properties": {"hex_id": "88c2e31195fffff", "barrio": "Palermo", "comuna": 14, "riesgo_manana": 0.3932, "riesgo_tarde": 0.5169, "riesgo_noche": 0.126, "riesgo_madrugada": 0.0995}}, {"type": "Feature", "geometry": {"type": "Polygon", "coordinates": [[[-58.433280747854674, -34.573061078084706], [-58.42928433351787, -34.57117926545344], [-58.43003507058875, -34.56733149518366], [-58.434782090355775, -34.56536564147552], [-58.43877826505216, -34.567247556760655], [-58.438027659625824, -34.571095223091355], [-58.433280747854674, -34.573061078084706]]]}, "properties": {"hex_id": "88c2e31197fffff", "barrio": "Palermo", "comuna": 14, "riesgo_manana": 0.3543, "riesgo_tarde": 0.4307, "riesgo_noche": 0.1083, "riesgo_madrugada": 0.0632}}, {"type": "Feature", "geometry": {"type": "Polygon", "coordinates": [[[-58.43977201940755, -34.58451747100226], [-58.43577574073541, -34.58263658390982], [-58.43652639746778, -34.57878973667354], [-58.441273201214216, -34.576823880408824], [-58.44526924017094, -34.57870487013156], [-58.4445187151005, -34.58255161348], [-58.43977201940755, -34.58451747100226]]]}, "properties": {"hex_id": "88c2e31199fffff", "barrio": "Palermo", "comuna": 14, "riesgo_manana": 0.3005, "riesgo_tarde": 0.3579, "riesgo_noche": 0.1364, "riesgo_madrugada": 0.0749}}, {"type": "Feature", "geometry": {"type": "Polygon", "coordinates": [[[-58.44526924017094, -34.57870487013156], [-58.441273201214216, -34.576823880408824], [-58.442023766464686, -34.5729766755788], [-58.4467702390073, -34.57101056441873], [-58.45076603820009, -34.57289165682159], [-58.45001560461807, -34.57673875769568], [-58.44526924017094, -34.57870487013156]]]}, "properties": {"hex_id": "88c2e3119bfffff", "barrio": "Colegiales", "comuna": 13, "riesgo_manana": 0.3329, "riesgo_tarde": 0.3888, "riesgo_noche": 0.1159, "riesgo_madrugada": 0.0526}}, {"type": "Feature", "geometry": {"type": "Polygon", "coordinates": [[[-58.431028605835664, -34.58460218515476], [-58.427032019689506, -34.58272093790161], [-58.427782808068606, -34.578873986820014], [-58.43253005095101, -34.57690838682817], [-58.43652639746778, -34.57878973667354], [-58.43577574073541, -34.58263658390982], [-58.431028605835664, -34.58460218515476]]]}, "properties": {"hex_id": "88c2e3119dfffff", "barrio": "Palermo", "comuna": 14, "riesgo_manana": 0.4221, "riesgo_tarde": 0.5411, "riesgo_noche": 0.1582, "riesgo_madrugada": 0.1181}}, {"type": "Feature", "geometry": {"type": "Polygon", "coordinates": [[[-58.39604748949271, -34.584934874758986], [-58.39204967493368, -34.583052186271274], [-58.39280098974705, -34.579204820233265], [-58.39754998753772, -34.57724024634962], [-58.401547562812105, -34.57912303727745], [-58.40079637958439, -34.58297029964012], [-58.39604748949271, -34.584934874758986]]]}, "properties": {"hex_id": "88c2e311a1fffff", "barrio": "Recoleta", "comuna": 2, "riesgo_manana": 0.1289, "riesgo_tarde": 0.1584, "riesgo_noche": 0.0228, "riesgo_madrugada": 0.0174}}, {"type": "Feature", "geometry": {"type": "Polygon", "coordinates": [[[-58.401547562812105, -34.57912303727745], [-58.39754998753772, -34.57724024634962], [-58.39830121090193, -34.57339252237736], [-58.40304987795222, -34.57142769306769], [-58.407047213893264, -34.57331058648548], [-58.40629612212128, -34.577158206714294], [-58.401547562812105, -34.57912303727745]]]}, "properties": {"hex_id": "88c2e311a3fffff", "barrio": "Palermo", "comuna": 14, "riesgo_manana": 0.1381, "riesgo_tarde": 0.196, "riesgo_noche": 0.0316, "riesgo_madrugada": 0.0308}}, {"type": "Feature", "geometry": {"type": "Polygon", "coordinates": [[[-58.38730034645339, -34.58501650460455], [-58.38330222516235, -34.58313345566039], [-58.384053671546035, -34.57928598598956], [-58.38880310765434, -34.57732166888699], [-58.39280098974705, -34.579204820233265], [-58.39204967493368, -34.583052186271274], [-58.38730034645339, -34.58501650460455]]]}, "properties": {"hex_id": "88c2e311a5fffff", "barrio": "Retiro", "comuna": 1, "riesgo_manana": 0.1363, "riesgo_tarde": 0.2174, "riesgo_noche": 0.0571, "riesgo_madrugada": 0.046}}, {"type": "Feature", "geometry": {"type": "Polygon", "coordinates": [[[-58.39280098974705, -34.579204820233265], [-58.38880310765434, -34.57732166888699], [-58.389554462595456, -34.57347384121386], [-58.394303568056266, -34.57150926857918], [-58.39830121090193, -34.57339252237736], [-58.39754998753772, -34.57724024634962], [-58.39280098974705, -34.579204820233265]]]}, "properties": {"hex_id": "88c2e311a7fffff", "barrio": "Recoleta", "comuna": 2, "riesgo_manana": 0.0505, "riesgo_tarde": 0.0723, "riesgo_noche": 0.0407, "riesgo_madrugada": 0.0881}}, {"type": "Feature", "geometry": {"type": "Polygon", "coordinates": [[[-58.399293961811935, -34.59066400484301], [-58.39529621481126, -34.58878177918097], [-58.39604748949271, -34.584934874758986], [-58.40079637958439, -34.58297029964012], [-58.404793887262855, -34.58485262773046], [-58.40404274417576, -34.58869942850267], [-58.399293961811935, -34.59066400484301]]]}, "properties": {"hex_id": "88c2e311a9fffff", "barrio": "Recoleta", "comuna": 2, "riesgo_manana": 0.5986, "riesgo_tarde": 0.736, "riesgo_noche": 0.1614, "riesgo_madrugada": 0.1134}}, {"type": "Feature", "geometry": {"type": "Polygon", "coordinates": [[[-58.404793887262855, -34.58485262773046], [-58.40079637958439, -34.58297029964012], [-58.401547562812105, -34.57912303727745], [-58.40629612212128, -34.577158206714294], [-58.41029339042884, -34.5790406372828], [-58.40954233880205, -34.58288779592761], [-58.404793887262855, -34.58485262773046]]]}, "properties": {"hex_id": "88c2e311abfffff", "barrio": "Palermo", "comuna": 14, "riesgo_manana": 0.5583, "riesgo_tarde": 0.6651, "riesgo_noche": 0.131, "riesgo_madrugada": 0.0931}}, {"type": "Feature", "geometry": {"type": "Polygon", "coordinates": [[[-58.390546993987805, -34.59074609873122], [-58.38654894019286, -34.58886351263381], [-58.38730034645339, -34.58501650460455], [-58.39204967493368, -34.583052186271274], [-58.39604748949271, -34.584934874758986], [-58.39529621481126, -34.58878177918097], [-58.390546993987805, -34.59074609873122]]]}, "properties": {"hex_id": "88c2e311adfffff", "barrio": "Recoleta", "comuna": 2, "riesgo_manana": 0.4689, "riesgo_tarde": 0.5997, "riesgo_noche": 0.1759, "riesgo_madrugada": 0.1116}}, {"type": "Feature", "geometry": {"type": "Polygon", "coordinates": [[[-58.415792471257184, -34.573228033698896], [-58.411795442369204, -34.57134550060242], [-58.41254644268345, -34.56749752258204], [-58.417294340275504, -34.565532181503485], [-58.42129112969528, -34.56741481717775], [-58.42054026099508, -34.571262691344074], [-58.415792471257184, -34.573228033698896]]]}, "properties": {"hex_id": "88c2e311b1fffff", "barrio": "Palermo", "comuna": 14, "riesgo_manana": 0.0703, "riesgo_tarde": 0.0976, "riesgo_noche": 0.0416, "riesgo_madrugada": 0.0612}}, {"type": "Feature", "geometry": {"type": "Polygon", "coordinates": [[[-58.42129112969528, -34.56741481717775], [-58.417294340275504, -34.565532181503485], [-58.41804524912998, -34.56168384576619], [-58.42279281578752, -34.5597182496166], [-58.426789365690446, -34.56160098791843], [-58.42603858845657, -34.56544921973355], [-58.42129112969528, -34.56741481717775]]]}, "properties": {"hex_id": "88c2e311b3fffff", "barrio": "Palermo", "comuna": 14, "riesgo_manana": 0.0677, "riesgo_tarde": 0.0922, "riesgo_noche": 0.0425, "riesgo_madrugada": 0.0414}}, {"type": "Feature", "geometry": {"type": "Polygon", "coordinates": [[[-58.407047213893264, -34.57331058648548], [-58.40304987795222, -34.57142769306769], [-58.40380100986523, -34.5675796112358], [-58.40854934612442, -34.5656145266245], [-58.41254644268345, -34.56749752258204], [-58.411795442369204, -34.57134550060242], [-58.407047213893264, -34.57331058648548]]]}, "properties": {"hex_id": "88c2e311b5fffff", "barrio": "Palermo", "comuna": 14, "riesgo_manana": 0.0624, "riesgo_tarde": 0.0921, "riesgo_noche": 0.0351, "riesgo_madrugada": 0.0521}}, {"type": "Feature", "geometry": {"type": "Polygon", "coordinates": [[[-58.41254644268345, -34.56749752258204], [-58.40854934612442, -34.5656145266245], [-58.409300386584256, -34.561766087007555], [-58.41404839200167, -34.55980074721909], [-58.41804524912998, -34.56168384576619], [-58.417294340275504, -34.565532181503485], [-58.41254644268345, -34.56749752258204]]]}, "properties": {"hex_id": "88c2e311b7fffff", "barrio": "Palermo", "comuna": 14, "riesgo_manana": 0.0135, "riesgo_tarde": 0.0157, "riesgo_noche": 0.0053, "riesgo_madrugada": 0.0023}}, {"type": "Feature", "geometry": {"type": "Polygon", "coordinates": [[[-58.41903847228501, -34.578957620410065], [-58.415041511092724, -34.57707555014177], [-58.415792471257184, -34.573228033698896], [-58.42054026099508, -34.571262691344074], [-58.42453698268163, -34.573144864178374], [-58.42378615413991, -34.57699227679277], [-58.41903847228501, -34.578957620410065]]]}, "properties": {"hex_id": "88c2e311b9fffff", "barrio": "Palermo", "comuna": 14, "riesgo_manana": 0.1885, "riesgo_tarde": 0.2406, "riesgo_noche": 0.0471, "riesgo_madrugada": 0.0339}}, {"type": "Feature", "geometry": {"type": "Polygon", "coordinates": [[[-58.42453698268163, -34.573144864178374], [-58.42054026099508, -34.571262691344074], [-58.42129112969528, -34.56741481717775], [-58.42603858845657, -34.56544921973355], [-58.43003507058875, -34.56733149518366], [-58.42928433351787, -34.57117926545344], [-58.42453698268163, -34.573144864178374]]]}, "properties": {"hex_id": "88c2e311bbfffff", "barrio": "Palermo", "comuna": 14, "riesgo_manana": 0.1206, "riesgo_tarde": 0.1868, "riesgo_noche": 0.1458, "riesgo_madrugada": 0.1434}}, {"type": "Feature", "geometry": {"type": "Polygon", "coordinates": [[[-58.41029339042884, -34.5790406372828], [-58.40629612212128, -34.577158206714294], [-58.407047213893264, -34.57331058648548], [-58.411795442369204, -34.57134550060242], [-58.415792471257184, -34.573228033698896], [-58.415041511092724, -34.57707555014177], [-58.41029339042884, -34.5790406372828]]]}, "properties": {"hex_id": "88c2e311bdfffff", "barrio": "Palermo", "comuna": 14, "riesgo_manana": 0.1782, "riesgo_tarde": 0.2798, "riesgo_noche": 0.0584, "riesgo_madrugada": 0.04}}, {"type": "Feature", "geometry": {"type": "Polygon", "coordinates": [[[-58.41777891006138, -34.60776174611338], [-58.41378167301327, -34.605881269043586], [-58.4145326956534, -34.6020358529277], [-58.41928082370973, -34.600071017488354], [-58.423277821236745, -34.601951596989004], [-58.42252693023244, -34.60579690948941], [-58.41777891006138, -34.60776174611338]]]}, "properties": {"hex_id": "88c2e311c1fffff", "barrio": "Almagro", "comuna": 5, "riesgo_manana": 0.758, "riesgo_tarde": 1.0571, "riesgo_noche": 0.3018, "riesgo_madrugada": 0.1795}}, {"type": "Feature", "geometry": {"type": "Polygon", "coordinates": [[[-58.423277821236745, -34.601951596989004], [-58.41928082370973, -34.600071017488354], [-58.420031754875914, -34.59622524348067], [-58.424779551930634, -34.59426015264846], [-58.428776309887944, -34.59614083462985], [-58.42802551036414, -34.59998650495399], [-58.423277821236745, -34.601951596989004]]]}, "properties": {"hex_id": "88c2e311c3fffff", "barrio": "Almagro", "comuna": 5, "riesgo_manana": 0.6404, "riesgo_tarde": 0.7095, "riesgo_noche": 0.3094, "riesgo_madrugada": 0.3445}}, {"type": "Feature", "geometry": {"type": "Polygon", "coordinates": [[[-58.40903321400596, -34.60784584896581], [-58.40503566982836, -34.60596501158319], [-58.405786824089056, -34.60211949189425], [-58.4105353909107, -34.60015491315225], [-58.4145326956534, -34.6020358529277], [-58.41378167301327, -34.605881269043586], [-58.40903321400596, -34.60784584896581]]]}, "properties": {"hex_id": "88c2e311c5fffff", "barrio": "Balvanera", "comuna": 3, "riesgo_manana": 1.215, "riesgo_tarde": 2.0058, "riesgo_noche": 0.549, "riesgo_madrugada": 0.2846}}, {"type": "Feature", "geometry": {"type": "Polygon", "coordinates": [[[-58.4145326956534, -34.6020358529277], [-58.4105353909107, -34.60015491315225], [-58.41128645370399, -34.596309035503474], [-58.416034689616765, -34.59434420126251], [-58.420031754875914, -34.59622524348067], [-58.41928082370973, -34.600071017488354], [-58.4145326956534, -34.6020358529277]]]}, "properties": {"hex_id": "88c2e311c7fffff", "barrio": "Almagro", "comuna": 5, "riesgo_manana": 0.6236, "riesgo_tarde": 0.7624, "riesgo_noche": 0.2736, "riesgo_madrugada": 0.1619}}, {"type": "Feature", "geometry": {"type": "Polygon", "coordinates": [[[-58.42102509690746, -34.61348671511281], [-58.41702792757856, -34.61160670071566], [-58.41777891006138, -34.60776174611338], [-58.42252693023244, -34.60579690948941], [-58.426523860002696, -34.60767702630559], [-58.425773009164416, -34.611521877318], [-58.42102509690746, -34.61348671511281]]]}, "properties": {"hex_id": "88c2e311c9fffff", "barrio": "Almagro", "comuna": 5, "riesgo_manana": 0.6264, "riesgo_tarde": 0.7745, "riesgo_noche": 0.2242, "riesgo_madrugada": 0.1227}}, {"type": "Feature", "geometry": {"type": "Polygon", "coordinates": [[[-58.426523860002696, -34.60767702630559], [-58.42252693023244, -34.60579690948941], [-58.423277821236745, -34.601951596989004], [-58.42802551036414, -34.59998650495399], [-58.43202220052715, -34.60186672423908], [-58.43127144117392, -34.60571193308155], [-58.426523860002696, -34.60767702630559]]]}, "properties": {"hex_id": "88c2e311cbfffff", "barrio": "Almagro", "comuna": 5, "riesgo_manana": 0.6145, "riesgo_tarde": 0.7305, "riesgo_noche": 0.2004, "riesgo_madrugada": 0.12}}, {"type": "Feature", "geometry": {"type": "Polygon", "coordinates": [[[-58.412279576414456, -34.613571281804326], [-58.40828209989386, -34.61169090711552], [-58.40903321400596, -34.60784584896581], [-58.41378167301327, -34.605881269043586], [-58.41777891006138, -34.60776174611338], [-58.41702792757856, -34.61160670071566], [-58.412279576414456, -34.613571281804326]]]}, "properties": {"hex_id": "88c2e311cdfffff", "barrio": "Balvanera", "comuna": 3, "riesgo_manana": 0.7783, "riesgo_tarde": 0.958, "riesgo_noche": 0.2922, "riesgo_madrugada": 0.1729}}, {"type": "Feature", "geometry": {"type": "Polygon", "coordinates": [[[-58.43752011842827, -34.59605580911195], [-58.43352366792105, -34.59417548730809], [-58.434274375962374, -34.59032945923466], [-58.439021402850685, -34.58836385675047], [-58.443017613653524, -34.59024428112299], [-58.44226703727629, -34.594090205402324], [-58.43752011842827, -34.59605580911195]]]}, "properties": {"hex_id": "88c2e311d1fffff", "barrio": "Villa Crespo", "comuna": 15, "riesgo_manana": 0.4309, "riesgo_tarde": 0.5479, "riesgo_noche": 0.2116, "riesgo_madrugada": 0.1373}}, {"type": "Feature", "geometry": {"type": "Polygon", "coordinates": [[[-58.443017613653524, -34.59024428112299], [-58.439021402850685, -34.58836385675047], [-58.43977201940755, -34.58451747100226], [-58.4445187151005, -34.58255161348], [-58.448514686150446, -34.58443214047104], [-58.44776420126421, -34.588278422357064], [-58.443017613653524, -34.59024428112299]]]}, "properties": {"hex_id": "88c2e311d3fffff", "barrio": "Chacarita", "comuna": 15, "riesgo_manana": 0.3914, "riesgo_tarde": 0.4781, "riesgo_noche": 0.2245, "riesgo_madrugada": 0.1862}}, {"type": "Feature", "geometry": {"type": "Polygon", "coordinates": [[[-58.428776309887944, -34.59614083462985], [-58.424779551930634, -34.59426015264846], [-58.42553039162086, -34.590414020823424], [-58.43027785762338, -34.58844867472266], [-58.434274375962374, -34.59032945923466], [-58.43352366792105, -34.59417548730809], [-58.428776309887944, -34.59614083462985]]]}, "properties": {"hex_id": "88c2e311d5fffff", "barrio": "Palermo", "comuna": 14, "riesgo_manana": 0.6646, "riesgo_tarde": 0.8973, "riesgo_noche": 0.3342, "riesgo_madrugada": 0.2515}}, {"type": "Feature", "geometry": {"type": "Polygon", "coordinates": [[[-58.434274375962374, -34.59032945923466], [-58.43027785762338, -34.58844867472266], [-58.431028605835664, -34.58460218515476], [-58.43577574073541, -34.58263658390982], [-58.43977201940755, -34.58451747100226], [-58.439021402850685, -34.58836385675047], [-58.434274375962374, -34.59032945923466]]]}, "properties": {"hex_id": "88c2e311d7fffff", "barrio": "Palermo", "comuna": 14, "riesgo_manana": 0.5335, "riesgo_tarde": 0.5796, "riesgo_noche": 0.4805, "riesgo_madrugada": 0.7783}}, {"type": "Feature", "geometry": {"type": "Polygon", "coordinates": [[[-58.44076583321282, -34.601781234838896], [-58.43676945056206, -34.5999013757101], [-58.43752011842827, -34.59605580911195], [-58.44226703727629, -34.594090205402324], [-58.44626318018521, -34.59597016708796], [-58.44551264399181, -34.59981562991766], [-58.44076583321282, -34.601781234838896]]]}, "properties": {"hex_id": "88c2e311d9fffff", "barrio": "Villa Crespo", "comuna": 15, "riesgo_manana": 0.6722, "riesgo_tarde": 0.8603, "riesgo_noche": 0.2084, "riesgo_madrugada": 0.0975}}, {"type": "Feature", "geometry": {"type": "Polygon", "coordinates": [[[-58.44626318018521, -34.59597016708796], [-58.44226703727629, -34.594090205402324], [-58.443017613653524, -34.59024428112299], [-58.44776420126421, -34.588278422357064], [-58.45176010438274, -34.590158486649386], [-58.45100965968485, -34.59400430709223], [-58.44626318018521, -34.59597016708796]]]}, "properties": {"hex_id": "88c2e311dbfffff", "barrio": "Chacarita", "comuna": 15, "riesgo_manana": 0.4823, "riesgo_tarde": 0.7523, "riesgo_noche": 0.2766, "riesgo_madrugada": 0.1122}}, {"type": "Feature", "geometry": {"type": "Polygon", "coordinates": [[[-58.43202220052715, -34.60186672423908], [-58.42802551036414, -34.59998650495399], [-58.428776309887944, -34.59614083462985], [-58.43352366792105, -34.59417548730809], [-58.43752011842827, -34.59605580911195], [-58.43676945056206, -34.5999013757101], [-58.43202220052715, -34.60186672423908]]]}, "properties": {"hex_id": "88c2e311ddfffff", "barrio": "Villa Crespo", "comuna": 15, "riesgo_manana": 0.5355, "riesgo_tarde": 0.613, "riesgo_noche": 0.2066, "riesgo_madrugada": 0.0896}}, {"type": "Feature", "geometry": {"type": "Polygon", "coordinates": [[[-58.39704020685588, -34.6022025137278], [-58.39304228812718, -34.60032085322518], [-58.3937936141288, -34.596474768421615], [-58.398542727266566, -34.59451044766811], [-58.40254040668422, -34.596392210537395], [-58.401789212279105, -34.6002381917848], [-58.39704020685588, -34.6022025137278]]]}, "properties": {"hex_id": "88c2e311e1fffff", "barrio": "Recoleta", "comuna": 2, "riesgo_manana": 0.8895, "riesgo_tarde": 1.1615, "riesgo_noche": 0.2327, "riesgo_madrugada": 0.1757}}, {"type": "Feature", "geometry": {"type": "Polygon", "coordinates": [[[-58.40254040668422, -34.596392210537395], [-58.398542727266566, -34.59451044766811], [-58.399293961811935, -34.59066400484301], [-58.40404274417576, -34.58869942850267], [-58.40804018423365, -34.59058129378845], [-58.407289081291374, -34.59442763298934], [-58.40254040668422, -34.596392210537395]]]}, "properties": {"hex_id": "88c2e311e3fffff", "barrio": "Recoleta", "comuna": 2, "riesgo_manana": 1.0321, "riesgo_tarde": 1.3685, "riesgo_noche": 0.2292, "riesgo_madrugada": 0.1608}}, {"type": "Feature", "geometry": {"type": "Polygon", "coordinates": [[[-58.388292844266225, -34.60228491826758], [-58.384294618767335, -34.60040289731264], [-58.385046076350164, -34.596556708995415], [-58.38979562785463, -34.59459264513805], [-58.3937936141288, -34.596474768421615], [-58.39304228812718, -34.60032085322518], [-58.388292844266225, -34.60228491826758]]]}, "properties": {"hex_id": "88c2e311e5fffff", "barrio": "Recoleta", "comuna": 2, "riesgo_manana": 0.876, "riesgo_tarde": 1.0118, "riesgo_noche": 0.2254, "riesgo_madrugada": 0.154}}, {"type": "Feature", "geometry": {"type": "Polygon", "coordinates": [[[-58.3937936141288, -34.596474768421615], [-58.38979562785463, -34.59459264513805], [-58.390546993987805, -34.59074609873122], [-58.39529621481126, -34.58878177918097], [-58.399293961811935, -34.59066400484301], [-58.398542727266566, -34.59451044766811], [-58.3937936141288, -34.596474768421615]]]}, "properties": {"hex_id": "88c2e311e7fffff", "barrio": "Recoleta", "comuna": 2, "riesgo_manana": 0.7026, "riesgo_tarde": 0.8407, "riesgo_noche": 0.1928, "riesgo_madrugada": 0.1345}}, {"type": "Feature", "geometry": {"type": "Polygon", "coordinates": [[[-58.400286772148554, -34.60792933470198], [-58.396288920989925, -34.60604813694733], [-58.39704020685588, -34.6022025137278], [-58.401789212279105, -34.6002381917848], [-58.405786824089056, -34.60211949189425], [-58.40503566982836, -34.60596501158319], [-58.400286772148554, -34.60792933470198]]]}, "properties": {"hex_id": "88c2e311e9fffff", "barrio": "Balvanera", "comuna": 3, "riesgo_manana": 1.122, "riesgo_tarde": 1.254, "riesgo_noche": 0.2067, "riesgo_madrugada": 0.1396}}, {"type": "Feature", "geometry": {"type": "Polygon", "coordinates": [[[-58.405786824089056, -34.60211949189425], [-58.401789212279105, -34.6002381917848], [-58.40254040668422, -34.596392210537395], [-58.407289081291374, -34.59442763298934], [-58.41128645370399, -34.596309035503474], [-58.4105353909107, -34.60015491315225], [-58.405786824089056, -34.60211949189425]]]}, "properties": {"hex_id": "88c2e311ebfffff", "barrio": "Balvanera", "comuna": 3, "riesgo_manana": 0.7894, "riesgo_tarde": 0.9396, "riesgo_noche": 0.2555, "riesgo_madrugada": 0.1865}}, {"type": "Feature", "geometry": {"type": "Polygon", "coordinates": [[[-58.391539584801414, -34.608012203161074], [-58.387541426810344, -34.60613064497521], [-58.388292844266225, -34.60228491826758], [-58.39304228812718, -34.60032085322518], [-58.39704020685588, -34.6022025137278], [-58.396288920989925, -34.60604813694733], [-58.391539584801414, -34.608012203161074]]]}, "properties": {"hex_id": "88c2e311edfffff", "barrio": "San Nicolas", "comuna": 1, "riesgo_manana": 1.0006, "riesgo_tarde": 1.2982, "riesgo_noche": 0.3606, "riesgo_madrugada": 0.2923}}, {"type": "Feature", "geometry": {"type": "Polygon", "coordinates": [[[-58.46222845930662, -34.67059576715902], [-58.45823227648728, -34.668720737681234], [-58.458982725436364, -34.66488050047993], [-58.46372922546197, -34.662915396123275], [-58.46772516826169, -34.66479052793912], [-58.46697485105929, -34.66863066176482], [-58.46222845930662, -34.67059576715902]]]}, "properties": {"hex_id": "88c2e31201fffff", "barrio": "Villa Soldati", "comuna": 8, "riesgo_manana": 0.017, "riesgo_tarde": 0.0324, "riesgo_noche": 0.0046, "riesgo_madrugada": 0.0027}}, {"type": "Feature", "geometry": {"type": "Polygon", "coordinates": [[[-58.46772516826169, -34.66479052793912], [-58.46372922546197, -34.662915396123275], [-58.46447958288068, -34.65907480103021], [-58.4692257513498, -34.65710944118784], [-58.47322145408151, -34.65898467539178], [-58.47247122841596, -34.66282516704124], [-58.46772516826169, -34.66479052793912]]]}, "properties": {"hex_id": "88c2e31203fffff", "barrio": "Villa Lugano", "comuna": 8, "riesgo_manana": 0.1688, "riesgo_tarde": 0.2129, "riesgo_noche": 0.068, "riesgo_madrugada": 0.0458}}, {"type": "Feature", "geometry": {"type": "Polygon", "coordinates": [[[-58.453485444955646, -34.67068558642813], [-58.44948895417487, -34.66881019693165], [-58.45023953485549, -34.66496985639701], [-58.45498647458924, -34.663005008683456], [-58.458982725436364, -34.66488050047993], [-58.45823227648728, -34.668720737681234], [-58.453485444955646, -34.67068558642813]]]}, "properties": {"hex_id": "88c2e31205fffff", "barrio": "Villa Soldati", "comuna": 8, "riesgo_manana": 0.0336, "riesgo_tarde": 0.0855, "riesgo_noche": 0.0544, "riesgo_madrugada": 0.014}}, {"type": "Feature", "geometry": {"type": "Polygon", "coordinates": [[[-58.458982725436364, -34.66488050047993], [-58.45498647458924, -34.663005008683456], [-58.455736963745956, -34.65916431018907], [-58.46048357201566, -34.65719920688374], [-58.46447958288068, -34.65907480103021], [-58.46372922546197, -34.662915396123275], [-58.458982725436364, -34.66488050047993]]]}, "properties": {"hex_id": "88c2e31207fffff", "barrio": "Villa Soldati", "comuna": 8, "riesgo_manana": 0.0466, "riesgo_tarde": 0.0722, "riesgo_noche": 0.0217, "riesgo_madrugada": 0.0182}}, {"type": "Feature", "geometry": {"type": "Polygon", "coordinates": [[[-58.46547416533619, -34.676310110279545], [-58.461478050569326, -34.67443554308697], [-58.46222845930662, -34.67059576715902], [-58.46697485105929, -34.66863066176482], [-58.47097072576913, -34.670505331283515], [-58.4702204487872, -34.67434500386157], [-58.46547416533619, -34.676310110279545]]]}, "properties": {"hex_id": "88c2e31209fffff", "barrio": "Villa Lugano", "comuna": 8, "riesgo_manana": 0.3601, "riesgo_tarde": 0.4956, "riesgo_noche": 0.164, "riesgo_madrugada": 0.1543}}, {"type": "Feature", "geometry": {"type": "Polygon", "coordinates": [[[-58.47097072576913, -34.670505331283515], [-58.46697485105929, -34.66863066176482], [-58.46772516826169, -34.66479052793912], [-58.47247122841596, -34.66282516704124], [-58.47646686302033, -34.66469993893606], [-58.475716677579754, -34.6685399693439], [-58.47097072576913, -34.670505331283515]]]}, "properties": {"hex_id": "88c2e3120bfffff", "barrio": "Villa Lugano", "comuna": 8, "riesgo_manana": 0.3226, "riesgo_tarde": 0.3939, "riesgo_noche": 0.1078, "riesgo_madrugada": 0.0798}}, {"type": "Feature", "geometry": {"type": "Polygon", "coordinates": [[[-58.456731327268606, -34.67640039285347], [-58.45273490447815, -34.674525465663706], [-58.453485444955646, -34.67068558642813], [-58.45823227648728, -34.668720737681234], [-58.46222845930662, -34.67059576715902], [-58.461478050569326, -34.67443554308697], [-58.456731327268606, -34.67640039285347]]]}, "properties": {"hex_id": "88c2e3120dfffff", "barrio": "Villa Soldati", "comuna": 8, "riesgo_manana": 0.1856, "riesgo_tarde": 0.2893, "riesgo_noche": 0.0792, "riesgo_madrugada": 0.0356}}, {"type": "Feature", "geometry": {"type": "Polygon", "coordinates": [[[-58.4819625770375, -34.6588939334352], [-58.47796718258701, -34.65701905911425], [-58.47871731671378, -34.653178209715016], [-58.48346271352018, -34.65121233818192], [-58.48745786776843, -34.65308731497905], [-58.48670786541638, -34.6569280608244], [-58.4819625770375, -34.6588939334352]]]}, "properties": {"hex_id": "88c2e31211fffff", "barrio": "Mataderos", "comuna": 9, "riesgo_manana": 0.1632, "riesgo_tarde": 0.183, "riesgo_noche": 0.0568, "riesgo_madrugada": 0.0413}}, {"type": "Feature", "geometry": {"type": "Polygon", "coordinates": [[[-58.48745786776843, -34.65308731497905], [-58.48346271352018, -34.65121233818192], [-58.48421275610623, -34.64737113110704], [-58.48895782116327, -34.64540500444249], [-58.49295273516092, -34.64728008376578], [-58.49220282435601, -34.65112118721876], [-58.48745786776843, -34.65308731497905]]]}, "properties": {"hex_id": "88c2e31213fffff", "barrio": "Parque Avellaneda", "comuna": 9, "riesgo_manana": 0.2114, "riesgo_tarde": 0.2044, "riesgo_noche": 0.0577, "riesgo_madrugada": 0.0395}}, {"type": "Feature", "geometry": {"type": "Polygon", "coordinates": [[[-58.47322145408151, -34.65898467539178], [-58.4692257513498, -34.65710944118784], [-58.469976017236185, -34.65326848827704], [-58.47472185409851, -34.651302873073014], [-58.47871731671378, -34.653178209715016], [-58.47796718258701, -34.65701905911425], [-58.47322145408151, -34.65898467539178]]]}, "properties": {"hex_id": "88c2e31215fffff", "barrio": "Parque Avellaneda", "comuna": 9, "riesgo_manana": 0.3032, "riesgo_tarde": 0.3837, "riesgo_noche": 0.1038, "riesgo_madrugada": 0.0975}}, {"type": "Feature", "geometry": {"type": "Polygon", "coordinates": [[[-58.47871731671378, -34.653178209715016], [-58.47472185409851, -34.651302873073014], [-58.47547202845063, -34.647461562418556], [-58.48021753365578, -34.64549569197696], [-58.48421275610623, -34.64737113110704], [-58.48346271352018, -34.65121233818192], [-58.47871731671378, -34.653178209715016]]]}, "properties": {"hex_id": "88c2e31217fffff", "barrio": "Parque Avellaneda", "comuna": 9, "riesgo_manana": 0.111, "riesgo_tarde": 0.1206, "riesgo_noche": 0.032, "riesgo_madrugada": 0.0175}}, {"type": "Feature", "geometry": {"type": "Polygon", "coordinates": [[[-58.48520780940134, -34.664608733632214], [-58.48121248314022, -34.662734321598826], [-58.4819625770375, -34.6588939334352], [-58.48670786541638, -34.6569280608244], [-58.49070295143786, -34.658802575322035], [-58.48995298932394, -34.66264285995753], [-58.48520780940134, -34.664608733632214]]]}, "properties": {"hex_id": "88c2e31219fffff", "barrio": "Mataderos", "comuna": 9, "riesgo_manana": 0.1772, "riesgo_tarde": 0.1881, "riesgo_noche": 0.0566, "riesgo_madrugada": 0.0428}}, {"type": "Feature", "geometry": {"type": "Polygon", "coordinates": [[[-58.49070295143786, -34.658802575322035], [-58.48670786541638, -34.6569280608244], [-58.48745786776843, -34.65308731497905], [-58.49220282435601, -34.65112118721876], [-58.49619767008953, -34.652995804230656], [-58.49544779952726, -34.65683644647987], [-58.49070295143786, -34.658802575322035]]]}, "properties": {"hex_id": "88c2e3121bfffff", "barrio": "Mataderos", "comuna": 9, "riesgo_manana": 0.1867, "riesgo_tarde": 0.183, "riesgo_noche": 0.0605, "riesgo_madrugada": 0.0414}}, {"type": "Feature", "geometry": {"type": "Polygon", "coordinates": [[[-58.47646686302033, -34.66469993893606], [-58.47247122841596, -34.66282516704124], [-58.47322145408151, -34.65898467539178], [-58.47796718258701, -34.65701905911425], [-58.4819625770375, -34.6588939334352], [-58.48121248314022, -34.662734321598826], [-58.47646686302033, -34.66469993893606]]]}, "properties": {"hex_id": "88c2e3121dfffff", "barrio": "Villa Lugano", "comuna": 8, "riesgo_manana": 0.3403, "riesgo_tarde": 0.3905, "riesgo_noche": 0.1133, "riesgo_madrugada": 0.0935}}, {"type": "Feature", "geometry": {"type": "Polygon", "coordinates": [[[-58.44149559683031, -34.66505859552899], [-58.43749873033257, -34.663182383592634], [-58.43824948291979, -34.65934147842251], [-58.44299697030098, -34.65737688849675], [-58.44699359698854, -34.65925320270694], [-58.44624297610899, -34.66309400456037], [-58.44149559683031, -34.66505859552899]]]}, "properties": {"hex_id": "88c2e31221fffff", "barrio": "Villa Soldati", "comuna": 8, "riesgo_manana": 0.3186, "riesgo_tarde": 0.3469, "riesgo_noche": 0.123, "riesgo_madrugada": 0.0963}}, {"type": "Feature", "geometry": {"type": "Polygon", "coordinates": [[[-58.44699359698854, -34.65925320270694], [-58.44299697030098, -34.65737688849675], [-58.44374763137532, -34.65353562530491], [-58.44849478742696, -34.65157077969929], [-58.452491174255826, -34.653447196233365], [-58.45174064489563, -34.65728835604048], [-58.44699359698854, -34.65925320270694]]]}, "properties": {"hex_id": "88c2e31223fffff", "barrio": "Villa Soldati", "comuna": 8, "riesgo_manana": 0.0881, "riesgo_tarde": 0.1485, "riesgo_noche": 0.0335, "riesgo_madrugada": 0.0367}}, {"type": "Feature", "geometry": {"type": "Polygon", "coordinates": [[[-58.43275091167235, -34.66514671771458], [-58.42875373757157, -34.66327014561902], [-58.42950462185125, -34.659429137174484], [-58.43425254854314, -34.65746480409118], [-58.43824948291979, -34.65934147842251], [-58.43749873033257, -34.663182383592634], [-58.43275091167235, -34.66514671771458]]]}, "properties": {"hex_id": "88c2e31225fffff", "barrio": "Villa Soldati", "comuna": 8, "riesgo_manana": 0.1801, "riesgo_tarde": 0.172, "riesgo_noche": 0.0565, "riesgo_madrugada": 0.0416}}, {"type": "Feature", "geometry": {"type": "Polygon", "coordinates": [[[-58.43824948291979, -34.65934147842251], [-58.43425254854314, -34.65746480409118], [-58.43500334131642, -34.65362343755695], [-58.439750936771325, -34.651658848687745], [-58.44374763137532, -34.65353562530491], [-58.44299697030098, -34.65737688849675], [-58.43824948291979, -34.65934147842251]]]}, "properties": {"hex_id": "88c2e31227fffff", "barrio": "Villa Soldati", "comuna": 8, "riesgo_manana": 0.1247, "riesgo_tarde": 0.1342, "riesgo_noche": 0.0332, "riesgo_madrugada": 0.0315}}, {"type": "Feature", "geometry": {"type": "Polygon", "coordinates": [[[-58.4447416830275, -34.670774788929414], [-58.44074488443332, -34.66889903935467], [-58.44149559683031, -34.66505859552899], [-58.44624297610899, -34.66309400456037], [-58.45023953485549, -34.66496985639701], [-58.44948895417487, -34.66881019693165], [-58.4447416830275, -34.670774788929414]]]}, "properties": {"hex_id": "88c2e31229fffff", "barrio": "Villa Soldati", "comuna": 8, "riesgo_manana": 0.392, "riesgo_tarde": 0.5691, "riesgo_noche": 0.2596, "riesgo_madrugada": 0.1343}}, {"type": "Feature", "geometry": {"type": "Polygon", "coordinates": [[[-58.45023953485549, -34.66496985639701], [-58.44624297610899, -34.66309400456037], [-58.44699359698854, -34.65925320270694], [-58.45174064489563, -34.65728835604048], [-58.455736963745956, -34.65916431018907], [-58.45498647458924, -34.663005008683456], [-58.45023953485549, -34.66496985639701]]]}, "properties": {"hex_id": "88c2e3122bfffff", "barrio": "Villa Soldati", "comuna": 8, "riesgo_manana": 0.4751, "riesgo_tarde": 0.6859, "riesgo_noche": 0.2396, "riesgo_madrugada": 0.1938}}, {"type": "Feature", "geometry": {"type": "Polygon", "coordinates": [[[-58.4359971738336, -34.67086337450152], [-58.43200006757423, -34.66898726478901], [-58.43275091167235, -34.66514671771458], [-58.43749873033257, -34.663182383592634], [-58.44149559683031, -34.66505859552899], [-58.44074488443332, -34.66889903935467], [-58.4359971738336, -34.67086337450152]]]}, "properties": {"hex_id": "88c2e3122dfffff", "barrio": "Villa Soldati", "comuna": 8, "riesgo_manana": 0.1245, "riesgo_tarde": 0.1362, "riesgo_noche": 0.0463, "riesgo_madrugada": 0.0314}}, {"type": "Feature", "geometry": {"type": "Polygon", "coordinates": [[[-58.461233969646514, -34.653358150503635], [-58.45723789074087, -34.651482093993124], [-58.457988328579745, -34.64764057630632], [-58.46273471359231, -34.64567521861633], [-58.46673055250483, -34.64755137753878], [-58.46598024640176, -34.651392791730565], [-58.461233969646514, -34.653358150503635]]]}, "properties": {"hex_id": "88c2e31231fffff", "barrio": "Flores", "comuna": 7, "riesgo_manana": 0.1566, "riesgo_tarde": 0.1773, "riesgo_noche": 0.0497, "riesgo_madrugada": 0.0381}}, {"type": "Feature", "geometry": {"type": "Polygon", "coordinates": [[[-58.46673055250483, -34.64755137753878], [-58.46273471359231, -34.64567521861633], [-58.46348505990789, -34.64183334312397], [-58.46823111339758, -34.63986773010836], [-58.47222671226853, -34.641743991492724], [-58.47147649769521, -34.645585763422055], [-58.46673055250483, -34.64755137753878]]]}, "properties": {"hex_id": "88c2e31233fffff", "barrio": "Parque Avellaneda", "comuna": 9, "riesgo_manana": 0.3093, "riesgo_tarde": 0.3048, "riesgo_noche": 0.0914, "riesgo_madrugada": 0.0649}}, {"type": "Feature", "geometry": {"type": "Polygon", "coordinates": [[[-58.452491174255826, -34.653447196233365], [-58.44849478742696, -34.65157077969929], [-58.44924535698647, -34.64772915855979], [-58.453992181658066, -34.645764057398374], [-58.457988328579745, -34.64764057630632], [-58.45723789074087, -34.651482093993124], [-58.452491174255826, -34.653447196233365]]]}, "properties": {"hex_id": "88c2e31235fffff", "barrio": "Flores", "comuna": 7, "riesgo_manana": 0.0915, "riesgo_tarde": 0.1001, "riesgo_noche": 0.0298, "riesgo_madrugada": 0.0315}}, {"type": "Feature", "geometry": {"type": "Polygon", "coordinates": [[[-58.457988328579745, -34.64764057630632], [-58.453992181658066, -34.645764057398374], [-58.45474265970079, -34.6419220783853], [-58.4594891529419, -34.63995672179217], [-58.46348505990789, -34.64183334312397], [-58.46273471359231, -34.64567521861633], [-58.457988328579745, -34.64764057630632]]]}, "properties": {"hex_id": "88c2e31237fffff", "barrio": "Flores", "comuna": 7, "riesgo_manana": 0.3778, "riesgo_tarde": 0.3797, "riesgo_noche": 0.1058, "riesgo_madrugada": 0.0857}}, {"type": "Feature", "geometry": {"type": "Polygon", "coordinates": [[[-58.46447958288068, -34.65907480103021], [-58.46048357201566, -34.65719920688374], [-58.461233969646514, -34.653358150503635], [-58.46598024640176, -34.651392791730565], [-58.469976017236185, -34.65326848827704], [-58.4692257513498, -34.65710944118784], [-58.46447958288068, -34.65907480103021]]]}, "properties": {"hex_id": "88c2e31239fffff", "barrio": "Parque Avellaneda", "comuna": 9, "riesgo_manana": 0.0686, "riesgo_tarde": 0.084, "riesgo_noche": 0.0299, "riesgo_madrugada": 0.0236}}, {"type": "Feature", "geometry": {"type": "Polygon", "coordinates": [[[-58.469976017236185, -34.65326848827704], [-58.46598024640176, -34.651392791730565], [-58.46673055250483, -34.64755137753878], [-58.47147649769521, -34.645585763422055], [-58.47547202845063, -34.647461562418556], [-58.47472185409851, -34.651302873073014], [-58.469976017236185, -34.65326848827704]]]}, "properties": {"hex_id": "88c2e3123bfffff", "barrio": "Parque Avellaneda", "comuna": 9, "riesgo_manana": 0.2066, "riesgo_tarde": 0.2287, "riesgo_noche": 0.0766, "riesgo_madrugada": 0.0566}}, {"type": "Feature", "geometry": {"type": "Polygon", "coordinates": [[[-58.455736963745956, -34.65916431018907], [-58.45174064489563, -34.65728835604048], [-58.452491174255826, -34.653447196233365], [-58.45723789074087, -34.651482093993124], [-58.461233969646514, -34.653358150503635], [-58.46048357201566, -34.65719920688374], [-58.455736963745956, -34.65916431018907]]]}, "properties": {"hex_id": "88c2e3123dfffff", "barrio": "Villa Soldati", "comuna": 8, "riesgo_manana": 0.2644, "riesgo_tarde": 0.4009, "riesgo_noche": 0.0958, "riesgo_madrugada": 0.109}}, {"type": "Feature", "geometry": {"type": "Polygon", "coordinates": [[[-58.463223008450875, -34.68782723509978], [-58.45922672171498, -34.68595323242295], [-58.45997718177384, -34.68211427572626], [-58.46472379681485, -34.68014942495388], [-58.46871984350465, -34.682023529894785], [-58.46796951520339, -34.68586238333525], [-58.463223008450875, -34.68782723509978]]]}, "properties": {"hex_id": "88c2e31241fffff", "barrio": "Villa Lugano", "comuna": 8, "riesgo_manana": 0.462, "riesgo_tarde": 0.5644, "riesgo_noche": 0.1596, "riesgo_madrugada": 0.1285}}, {"type": "Feature", "geometry": {"type": "Polygon", "coordinates": [[[-58.46871984350465, -34.682023529894785], [-58.46472379681485, -34.68014942495388], [-58.46547416533619, -34.676310110279545], [-58.4702204487872, -34.67434500386157], [-58.474216255382515, -34.676219211116575], [-58.4734660186252, -34.680058422466736], [-58.46871984350465, -34.682023529894785]]]}, "properties": {"hex_id": "88c2e31243fffff", "barrio": "Villa Lugano", "comuna": 8, "riesgo_manana": 0.4195, "riesgo_tarde": 0.5093, "riesgo_noche": 0.1435, "riesgo_madrugada": 0.1302}}, {"type": "Feature", "geometry": {"type": "Polygon", "coordinates": [[[-58.454479775134374, -34.687917827425835], [-58.45048318039876, -34.68604346473529], [-58.45123377220002, -34.68220440482462], [-58.45598082699836, -34.68023981080973], [-58.45997718177384, -34.68211427572626], [-58.45922672171498, -34.68595323242295], [-58.454479775134374, -34.687917827425835]]]}, "properties": {"hex_id": "88c2e31245fffff", "barrio": "Villa Lugano", "comuna": 8, "riesgo_manana": 0.0528, "riesgo_tarde": 0.0589, "riesgo_noche": 0.0146, "riesgo_madrugada": 0.0091}}, {"type": "Feature", "geometry": {"type": "Polygon", "coordinates": [[[-58.45997718177384, -34.68211427572626], [-58.45598082699836, -34.68023981080973], [-58.456731327268606, -34.67640039285347], [-58.461478050569326, -34.67443554308697], [-58.46547416533619, -34.676310110279545], [-58.46472379681485, -34.68014942495388], [-58.45997718177384, -34.68211427572626]]]}, "properties": {"hex_id": "88c2e31247fffff", "barrio": "Villa Lugano", "comuna": 8, "riesgo_manana": 0.0708, "riesgo_tarde": 0.1036, "riesgo_noche": 0.0235, "riesgo_madrugada": 0.0146}}, {"type": "Feature", "geometry": {"type": "Polygon", "coordinates": [[[-58.466468807279234, -34.69353927102741], [-58.46247258860759, -34.69166573055675], [-58.463223008450875, -34.68782723509978], [-58.46796951520339, -34.68586238333525], [-58.47196549379151, -34.687736026057976], [-58.47121520571448, -34.691574418284446], [-58.466468807279234, -34.69353927102741]]]}, "properties": {"hex_id": "88c2e31249fffff", "barrio": "Villa Riachuelo", "comuna": 8, "riesgo_manana": 0.2008, "riesgo_tarde": 0.216, "riesgo_noche": 0.0617, "riesgo_madrugada": 0.0574}}, {"type": "Feature", "geometry": {"type": "Polygon", "coordinates": [[[-58.47196549379151, -34.687736026057976], [-58.46796951520339, -34.68586238333525], [-58.46871984350465, -34.682023529894785], [-58.4734660186252, -34.680058422466736], [-58.47746175708137, -34.68193216749162], [-58.47671156055282, -34.68577091763367], [-58.47196549379151, -34.687736026057976]]]}, "properties": {"hex_id": "88c2e3124bfffff", "barrio": "Villa Lugano", "comuna": 8, "riesgo_manana": 0.2247, "riesgo_tarde": 0.2385, "riesgo_noche": 0.0652, "riesgo_madrugada": 0.0447}}, {"type": "Feature", "geometry": {"type": "Polygon", "coordinates": [[[-58.457725750273475, -34.693630326533906], [-58.45372922353998, -34.691756426071066], [-58.454479775134374, -34.687917827425835], [-58.45922672171498, -34.68595323242295], [-58.463223008450875, -34.68782723509978], [-58.46247258860759, -34.69166573055675], [-58.457725750273475, -34.693630326533906]]]}, "properties": {"hex_id": "88c2e3124dfffff", "barrio": "Villa Riachuelo", "comuna": 8, "riesgo_manana": 0.1185, "riesgo_tarde": 0.1278, "riesgo_noche": 0.0423, "riesgo_madrugada": 0.0275}}, {"type": "Feature", "geometry": {"type": "Polygon", "coordinates": [[[-58.48295759709657, -34.676127695526084], [-58.478962098820716, -34.674253848148986], [-58.479712244032164, -34.670414278963094], [-58.48445775573771, -34.66844866057992], [-58.488453013784856, -34.67032261035929], [-58.48770300035901, -34.67416207611082], [-58.48295759709657, -34.676127695526084]]]}, "properties": {"hex_id": "88c2e31251fffff", "barrio": "Villa Lugano", "comuna": 8, "riesgo_manana": 0.1969, "riesgo_tarde": 0.2243, "riesgo_noche": 0.0691, "riesgo_madrugada": 0.0579}}, {"type": "Feature", "geometry": {"type": "Polygon", "coordinates": [[[-58.488453013784856, -34.67032261035929], [-58.48445775573771, -34.66844866057992], [-58.48520780940134, -34.664608733632214], [-58.48995298932394, -34.66264285995753], [-58.49394800709404, -34.66451691218918], [-58.493198085222424, -34.668356735634504], [-58.488453013784856, -34.67032261035929]]]}, "properties": {"hex_id": "88c2e31253fffff", "barrio": "Villa Lugano", "comuna": 8, "riesgo_manana": 0.2636, "riesgo_tarde": 0.2766, "riesgo_noche": 0.0816, "riesgo_madrugada": 0.0812}}, {"type": "Feature", "geometry": {"type": "Polygon", "coordinates": [[[-58.474216255382515, -34.676219211116575], [-58.4702204487872, -34.67434500386157], [-58.47097072576913, -34.670505331283515], [-58.475716677579754, -34.6685399693439], [-58.479712244032164, -34.670414278963094], [-58.478962098820716, -34.674253848148986], [-58.474216255382515, -34.676219211116575]]]}, "properties": {"hex_id": "88c2e31255fffff", "barrio": "Villa Lugano", "comuna": 8, "riesgo_manana": 0.2579, "riesgo_tarde": 0.2879, "riesgo_noche": 0.0846, "riesgo_madrugada": 0.0652}}, {"type": "Feature", "geometry": {"type": "Polygon", "coordinates": [[[-58.479712244032164, -34.670414278963094], [-58.475716677579754, -34.6685399693439], [-58.47646686302033, -34.66469993893606], [-58.48121248314022, -34.662734321598826], [-58.48520780940134, -34.664608733632214], [-58.48445775573771, -34.66844866057992], [-58.479712244032164, -34.670414278963094]]]}, "properties": {"hex_id": "88c2e31257fffff", "barrio": "Villa Lugano", "comuna": 8, "riesgo_manana": 0.1921, "riesgo_tarde": 0.212, "riesgo_noche": 0.0748, "riesgo_madrugada": 0.0551}}, {"type": "Feature", "geometry": {"type": "Polygon", "coordinates": [[[-58.4862029221931, -34.681840188678386], [-58.48220749211842, -34.67996680350983], [-58.48295759709657, -34.676127695526084], [-58.48770300035901, -34.67416207611082], [-58.491698190167575, -34.67603556366964], [-58.49094821698366, -34.67987456824476], [-58.4862029221931, -34.681840188678386]]]}, "properties": {"hex_id": "88c2e31259fffff", "barrio": "Villa Lugano", "comuna": 8, "riesgo_manana": 0.2524, "riesgo_tarde": 0.2745, "riesgo_noche": 0.0925, "riesgo_madrugada": 0.0704}}, {"type": "Feature", "geometry": {"type": "Polygon", "coordinates": [[[-58.491698190167575, -34.67603556366964], [-58.48770300035901, -34.67416207611082], [-58.488453013784856, -34.67032261035929], [-58.493198085222424, -34.668356735634504], [-58.49719303471654, -34.67023032563371], [-58.496443153091384, -34.67406968790861], [-58.491698190167575, -34.67603556366964]]]}, "properties": {"hex_id": "88c2e3125bfffff", "barrio": "Villa Lugano", "comuna": 8, "riesgo_manana": 0.452, "riesgo_tarde": 0.4966, "riesgo_noche": 0.188, "riesgo_madrugada": 0.1645}}, {"type": "Feature", "geometry": {"type": "Polygon", "coordinates": [[[-58.47746175708137, -34.68193216749162], [-58.4734660186252, -34.680058422466736], [-58.474216255382515, -34.676219211116575], [-58.478962098820716, -34.674253848148986], [-58.48295759709657, -34.676127695526084], [-58.48220749211842, -34.67996680350983], [-58.47746175708137, -34.68193216749162]]]}, "properties": {"hex_id": "88c2e3125dfffff", "barrio": "Villa Lugano", "comuna": 8, "riesgo_manana": 0.2164, "riesgo_tarde": 0.2305, "riesgo_noche": 0.0486, "riesgo_madrugada": 0.0434}}, {"type": "Feature", "geometry": {"type": "Polygon", "coordinates": [[[-58.44248961509453, -34.68229391702836], [-58.438492644591946, -34.68041873198173], [-58.439243408314496, -34.67657910758838], [-58.44399101082495, -34.67461477143036], [-58.4479877414909, -34.6764900586769], [-58.44723710948691, -34.680329579872826], [-58.44248961509453, -34.68229391702836]]]}, "properties": {"hex_id": "88c2e31261fffff", "barrio": "Villa Soldati", "comuna": 8, "riesgo_manana": 0.0007, "riesgo_tarde": 0.0006, "riesgo_noche": 0.0007, "riesgo_madrugada": 0.0003}}, {"type": "Feature", "geometry": {"type": "Polygon", "coordinates": [[[-58.4479877414909, -34.6764900586769], [-58.44399101082495, -34.67461477143036], [-58.4447416830275, -34.670774788929414], [-58.44948895417487, -34.66881019693165], [-58.453485444955646, -34.67068558642813], [-58.45273490447815, -34.674525465663706], [-58.4479877414909, -34.6764900586769]]]}, "properties": {"hex_id": "88c2e31263fffff", "barrio": "Villa Soldati", "comuna": 8, "riesgo_manana": 0.015, "riesgo_tarde": 0.0478, "riesgo_noche": 0.025, "riesgo_madrugada": 0.0028}}, {"type": "Feature", "geometry": {"type": "Polygon", "coordinates": [[[-58.439243408314496, -34.67657910758838], [-58.435246369921174, -34.674703460225544], [-58.4359971738336, -34.67086337450152], [-58.44074488443332, -34.66889903935467], [-58.4447416830275, -34.670774788929414], [-58.44399101082495, -34.67461477143036], [-58.439243408314496, -34.67657910758838]]]}, "properties": {"hex_id": "88c2e31267fffff", "barrio": "Villa Soldati", "comuna": 8, "riesgo_manana": 0.0055, "riesgo_tarde": 0.0092, "riesgo_noche": 0.0026, "riesgo_madrugada": 0.0013}}, {"type": "Feature", "geometry": {"type": "Polygon", "coordinates": [[[-58.445735794153265, -34.68800780287464], [-58.44173889156603, -34.68613308011077], [-58.44248961509453, -34.68229391702836], [-58.44723710948691, -34.680329579872826], [-58.45123377220002, -34.68220440482462], [-58.45048318039876, -34.68604346473529], [-58.445735794153265, -34.68800780287464]]]}, "properties": {"hex_id": "88c2e31269fffff", "barrio": "Villa Riachuelo", "comuna": 8, "riesgo_manana": 0.0139, "riesgo_tarde": 0.0175, "riesgo_noche": 0.0034, "riesgo_madrugada": 0.0026}}, {"type": "Feature", "geometry": {"type": "Polygon", "coordinates": [[[-58.45123377220002, -34.68220440482462], [-58.44723710948691, -34.680329579872826], [-58.4479877414909, -34.6764900586769], [-58.45273490447815, -34.674525465663706], [-58.456731327268606, -34.67640039285347], [-58.45598082699836, -34.68023981080973], [-58.45123377220002, -34.68220440482462]]]}, "properties": {"hex_id": "88c2e3126bfffff", "barrio": "Villa Soldati", "comuna": 8, "riesgo_manana": 0.0871, "riesgo_tarde": 0.114, "riesgo_noche": 0.059, "riesgo_madrugada": 0.0187}}, {"type": "Feature", "geometry": {"type": "Polygon", "coordinates": [[[-58.500696534322934, -34.62994621967882], [-58.496702032657005, -34.628070472784586], [-58.497451840852804, -34.624227731897264], [-58.50219601892666, -34.622260841747256], [-58.50619028023452, -34.62413669132946], [-58.505440603830436, -34.627979328364994], [-58.500696534322934, -34.62994621967882]]]}, "properties": {"hex_id": "88c2e31281fffff", "barrio": "Velez Sarsfield", "comuna": 10, "riesgo_manana": 0.2237, "riesgo_tarde": 0.2154, "riesgo_noche": 0.0684, "riesgo_madrugada": 0.0295}}, {"type": "Feature", "geometry": {"type": "Polygon", "coordinates": [[[-58.50619028023452, -34.62413669132946], [-58.50219601892666, -34.622260841747256], [-58.5029457355786, -34.61841774348741], [-58.50768958174413, -34.61645059872099], [-58.51168360264565, -34.618326551041115], [-58.51093401779183, -34.62216954538107], [-58.50619028023452, -34.62413669132946]]]}, "properties": {"hex_id": "88c2e31283fffff", "barrio": "Monte Castro", "comuna": 10, "riesgo_manana": 0.2272, "riesgo_tarde": 0.2082, "riesgo_noche": 0.067, "riesgo_madrugada": 0.0372}}, {"type": "Feature", "geometry": {"type": "Polygon", "coordinates": [[[-58.49195752272497, -34.63003710819385], [-58.48796271249685, -34.62816100154746], [-58.48871265246934, -34.624318156850656], [-58.493457270897096, -34.622351522600994], [-58.497451840852804, -34.624227731897264], [-58.496702032657005, -34.628070472784586], [-58.49195752272497, -34.63003710819385]]]}, "properties": {"hex_id": "88c2e31285fffff", "barrio": "Velez Sarsfield", "comuna": 10, "riesgo_manana": 0.2697, "riesgo_tarde": 0.2678, "riesgo_noche": 0.079, "riesgo_madrugada": 0.0466}}, {"type": "Feature", "geometry": {"type": "Polygon", "coordinates": [[[-58.497451840852804, -34.624227731897264], [-58.493457270897096, -34.622351522600994], [-58.49420711933214, -34.61850832046359], [-58.498951405943636, -34.616541431491335], [-58.5029457355786, -34.61841774348741], [-58.50219601892666, -34.622260841747256], [-58.497451840852804, -34.624227731897264]]]}, "properties": {"hex_id": "88c2e31287fffff", "barrio": "Monte Castro", "comuna": 10, "riesgo_manana": 0.2339, "riesgo_tarde": 0.2434, "riesgo_noche": 0.0869, "riesgo_madrugada": 0.0338}}, {"type": "Feature", "geometry": {"type": "Polygon", "coordinates": [[[-58.503941199722114, -34.63566378386119], [-58.49994676637052, -34.63378849933559], [-58.500696534322934, -34.62994621967882], [-58.505440603830436, -34.627979328364994], [-58.50943479678659, -34.62985471556671], [-58.50868516063453, -34.633696891397435], [-58.503941199722114, -34.63566378386119]]]}, "properties": {"hex_id": "88c2e31289fffff", "barrio": "Villa Luro", "comuna": 10, "riesgo_manana": 0.2467, "riesgo_tarde": 0.2414, "riesgo_noche": 0.0596, "riesgo_madrugada": 0.0442}}, {"type": "Feature", "geometry": {"type": "Polygon", "coordinates": [[[-58.50943479678659, -34.62985471556671], [-58.505440603830436, -34.627979328364994], [-58.50619028023452, -34.62413669132946], [-58.51093401779183, -34.62216954538107], [-58.5149279703043, -34.62404503530885], [-58.51417842570697, -34.627887568450255], [-58.50943479678659, -34.62985471556671]]]}, "properties": {"hex_id": "88c2e3128bfffff", "barrio": "Villa Luro", "comuna": 10, "riesgo_manana": 0.2479, "riesgo_tarde": 0.2423, "riesgo_noche": 0.0761, "riesgo_madrugada": 0.0473}}, {"type": "Feature", "geometry": {"type": "Polygon", "coordinates": [[[-58.49520236496296, -34.63575513589055], [-58.49120762298722, -34.63387949163433], [-58.49195752272497, -34.63003710819385], [-58.496702032657005, -34.628070472784586], [-58.500696534322934, -34.62994621967882], [-58.49994676637052, -34.63378849933559], [-58.49520236496296, -34.63575513589055]]]}, "properties": {"hex_id": "88c2e3128dfffff", "barrio": "Velez Sarsfield", "comuna": 10, "riesgo_manana": 0.2317, "riesgo_tarde": 0.2344, "riesgo_noche": 0.0584, "riesgo_madrugada": 0.0249}}, {"type": "Feature", "geometry": {"type": "Polygon", "coordinates": [[[-58.52042072022321, -34.61823474328629], [-58.51642700820262, -34.61635915058248], [-58.517176501504295, -34.61251579901252], [-58.521919575010884, -34.61054814416799], [-58.52591304649137, -34.612423839697755], [-58.525163685009225, -34.616267087237404], [-58.52042072022321, -34.61823474328629]]]}, "properties": {"hex_id": "88c2e31291fffff", "barrio": "Villa Devoto", "comuna": 11, "riesgo_manana": 0.2875, "riesgo_tarde": 0.2795, "riesgo_noche": 0.0649, "riesgo_madrugada": 0.0445}}, {"type": "Feature", "geometry": {"type": "Polygon", "coordinates": [[[-58.52591304649137, -34.612423839697755], [-58.521919575010884, -34.61054814416799], [-58.52266897675853, -34.60670443544248], [-58.52741171816463, -34.604736526336474], [-58.5314049490569, -34.60661232474211], [-58.530655679135116, -34.610455929369216], [-58.52591304649137, -34.612423839697755]]]}, "properties": {"hex_id": "88c2e31293fffff", "barrio": "Villa Devoto", "comuna": 11, "riesgo_manana": 0.1276, "riesgo_tarde": 0.1265, "riesgo_noche": 0.0295, "riesgo_madrugada": 0.0218}}, {"type": "Feature", "geometry": {"type": "Polygon", "coordinates": [[[-58.51168360264565, -34.618326551041115], [-58.50768958174413, -34.61645059872099], [-58.50843920685032, -34.61260714316306], [-58.513182721057326, -34.610639743904535], [-58.517176501504295, -34.61251579901252], [-58.51642700820262, -34.61635915058248], [-58.51168360264565, -34.618326551041115]]]}, "properties": {"hex_id": "88c2e31295fffff", "barrio": "Villa Devoto", "comuna": 11, "riesgo_manana": 0.1999, "riesgo_tarde": 0.189, "riesgo_noche": 0.0623, "riesgo_madrugada": 0.0323}}, {"type": "Feature", "geometry": {"type": "Polygon", "coordinates": [[[-58.517176501504295, -34.61251579901252], [-58.513182721057326, -34.610639743904535], [-58.51393225461587, -34.6067959311229], [-58.51867543681431, -34.6048282774967], [-58.52266897675853, -34.60670443544248], [-58.521919575010884, -34.61054814416799], [-58.517176501504295, -34.61251579901252]]]}, "properties": {"hex_id": "88c2e31297fffff", "barrio": "Villa Devoto", "comuna": 11, "riesgo_manana": 0.2846, "riesgo_tarde": 0.3092, "riesgo_noche": 0.06, "riesgo_madrugada": 0.0372}}, {"type": "Feature", "geometry": {"type": "Polygon", "coordinates": [[[-58.52366491075213, -34.62395276399706], [-58.51967126718253, -34.62207763366401], [-58.52042072022321, -34.61823474328629], [-58.525163685009225, -34.616267087237404], [-58.529157088001426, -34.61814232038454], [-58.52840776678887, -34.62198510675776], [-58.52366491075213, -34.62395276399706]]]}, "properties": {"hex_id": "88c2e31299fffff", "barrio": "Villa Real", "comuna": 10, "riesgo_manana": 0.2199, "riesgo_tarde": 0.194, "riesgo_noche": 0.0554, "riesgo_madrugada": 0.0386}}, {"type": "Feature", "geometry": {"type": "Polygon", "coordinates": [[[-58.529157088001426, -34.61814232038454], [-58.525163685009225, -34.616267087237404], [-58.52591304649137, -34.612423839697755], [-58.530655679135116, -34.610455929369216], [-58.5346488415018, -34.612331265380405], [-58.5338996118541, -34.61617440884743], [-58.529157088001426, -34.61814232038454]]]}, "properties": {"hex_id": "88c2e3129bfffff", "barrio": "Villa Real", "comuna": 10, "riesgo_manana": 0.1683, "riesgo_tarde": 0.1525, "riesgo_noche": 0.033, "riesgo_madrugada": 0.0277}}, {"type": "Feature", "geometry": {"type": "Polygon", "coordinates": [[[-58.5149279703043, -34.62404503530885], [-58.51093401779183, -34.62216954538107], [-58.51168360264565, -34.618326551041115], [-58.51642700820262, -34.61635915058248], [-58.52042072022321, -34.61823474328629], [-58.51967126718253, -34.62207763366401], [-58.5149279703043, -34.62404503530885]]]}, "properties": {"hex_id": "88c2e3129dfffff", "barrio": "Monte Castro", "comuna": 10, "riesgo_manana": 0.2268, "riesgo_tarde": 0.2144, "riesgo_noche": 0.0641, "riesgo_madrugada": 0.0378}}, {"type": "Feature", "geometry": {"type": "Polygon", "coordinates": [[[-58.479972715394474, -34.62440796602815], [-58.4759775285861, -34.62253103712504], [-58.47672764054212, -34.61868762735955], [-58.48147280755743, -34.616721250281344], [-58.4854677542165, -34.61859828180813], [-58.484717774013426, -34.622441587780735], [-58.479972715394474, -34.62440796602815]]]}, "properties": {"hex_id": "88c2e312a1fffff", "barrio": "Villa Santa Rita", "comuna": 11, "riesgo_manana": 0.2523, "riesgo_tarde": 0.2462, "riesgo_noche": 0.0784, "riesgo_madrugada": 0.0365}}, {"type": "Feature", "geometry": {"type": "Polygon", "coordinates": [[[-58.4854677542165, -34.61859828180813], [-58.48147280755743, -34.616721250281344], [-58.48222282798694, -34.6128774830135], [-58.48696766332, -34.610910851124665], [-58.490962369781414, -34.61278798532505], [-58.490212481111286, -34.616631648731946], [-58.4854677542165, -34.61859828180813]]]}, "properties": {"hex_id": "88c2e312a3fffff", "barrio": "Villa Santa Rita", "comuna": 11, "riesgo_manana": 0.1925, "riesgo_tarde": 0.1772, "riesgo_noche": 0.063, "riesgo_madrugada": 0.0291}}, {"type": "Feature", "geometry": {"type": "Polygon", "coordinates": [[[-58.471232029938825, -34.624497159268316], [-58.467236534925775, -34.62261987047246], [-58.46798677861965, -34.61877635695645], [-58.47273238559258, -34.616810235978114], [-58.47672764054212, -34.61868762735955], [-58.4759775285861, -34.62253103712504], [-58.471232029938825, -34.624497159268316]]]}, "properties": {"hex_id": "88c2e312a5fffff", "barrio": "Flores", "comuna": 7, "riesgo_manana": 0.3472, "riesgo_tarde": 0.3381, "riesgo_noche": 0.0984, "riesgo_madrugada": 0.0493}}, {"type": "Feature", "geometry": {"type": "Polygon", "coordinates": [[[-58.47672764054212, -34.61868762735955], [-58.47273238559258, -34.616810235978114], [-58.47348253776638, -34.61296636489166], [-58.47822781314929, -34.61099998899653], [-58.48222282798694, -34.6128774830135], [-58.48147280755743, -34.616721250281344], [-58.47672764054212, -34.61868762735955]]]}, "properties": {"hex_id": "88c2e312a7fffff", "barrio": "Villa Santa Rita", "comuna": 11, "riesgo_manana": 0.3794, "riesgo_tarde": 0.3802, "riesgo_noche": 0.1084, "riesgo_madrugada": 0.0619}}, {"type": "Feature", "geometry": {"type": "Polygon", "coordinates": [[[-58.483217762303006, -34.63012738095023], [-58.47922264366041, -34.62825091449212], [-58.479972715394474, -34.62440796602815], [-58.484717774013426, -34.622441587780735], [-58.48871265246934, -34.624318156850656], [-58.48796271249685, -34.62816100154746], [-58.483217762303006, -34.63012738095023]]]}, "properties": {"hex_id": "88c2e312a9fffff", "barrio": "Floresta", "comuna": 10, "riesgo_manana": 0.4261, "riesgo_tarde": 0.4136, "riesgo_noche": 0.1029, "riesgo_madrugada": 0.0597}}, {"type": "Feature", "geometry": {"type": "Polygon", "coordinates": [[[-58.48871265246934, -34.624318156850656], [-58.484717774013426, -34.622441587780735], [-58.4854677542165, -34.61859828180813], [-58.490212481111286, -34.616631648731946], [-58.49420711933214, -34.61850832046359], [-58.493457270897096, -34.622351522600994], [-58.48871265246934, -34.624318156850656]]]}, "properties": {"hex_id": "88c2e312abfffff", "barrio": "Floresta", "comuna": 10, "riesgo_manana": 0.1948, "riesgo_tarde": 0.1953, "riesgo_noche": 0.0626, "riesgo_madrugada": 0.0313}}, {"type": "Feature", "geometry": {"type": "Polygon", "coordinates": [[[-58.47447725336753, -34.63021703778649], [-58.47048182645823, -34.62834021145709], [-58.471232029938825, -34.624497159268316], [-58.4759775285861, -34.62253103712504], [-58.479972715394474, -34.62440796602815], [-58.47922264366041, -34.62825091449212], [-58.47447725336753, -34.63021703778649]]]}, "properties": {"hex_id": "88c2e312adfffff", "barrio": "Flores", "comuna": 7, "riesgo_manana": 0.7463, "riesgo_tarde": 0.4676, "riesgo_noche": 0.0862, "riesgo_madrugada": 0.0459}}, {"type": "Feature", "geometry": {"type": "Polygon", "coordinates": [[[-58.4997011628393, -34.61269787198773], [-58.49570676490179, -34.6108210975444], [-58.49645656203706, -34.60697707677762], [-58.50120062533282, -34.60500993441689], [-58.505194782938716, -34.60688681162182], [-58.50444511758431, -34.610730728417195], [-58.4997011628393, -34.61269787198773]]]}, "properties": {"hex_id": "88c2e312b1fffff", "barrio": "Villa Devoto", "comuna": 11, "riesgo_manana": 0.1629, "riesgo_tarde": 0.1724, "riesgo_noche": 0.0514, "riesgo_madrugada": 0.0237}}, {"type": "Feature", "geometry": {"type": "Polygon", "coordinates": [[[-58.505194782938716, -34.60688681162182], [-58.50120062533282, -34.60500993441689], [-58.50195033093132, -34.6011655563647], [-58.506694062352324, -34.59919815954827], [-58.51068797957834, -34.60107513956469], [-58.50993840576708, -34.60491941357737], [-58.505194782938716, -34.60688681162182]]]}, "properties": {"hex_id": "88c2e312b3fffff", "barrio": "Villa Devoto", "comuna": 11, "riesgo_manana": 0.2168, "riesgo_tarde": 0.2351, "riesgo_noche": 0.0689, "riesgo_madrugada": 0.0284}}, {"type": "Feature", "geometry": {"type": "Polygon", "coordinates": [[[-58.490962369781414, -34.61278798532505], [-58.48696766332, -34.610910851124665], [-58.48771759222106, -34.607066726428855], [-58.4924620958216, -34.60509983985373], [-58.49645656203706, -34.60697707677762], [-58.49570676490179, -34.6108210975444], [-58.490962369781414, -34.61278798532505]]]}, "properties": {"hex_id": "88c2e312b5fffff", "barrio": "Villa Del Parque", "comuna": 11, "riesgo_manana": 0.2024, "riesgo_tarde": 0.1986, "riesgo_noche": 0.0656, "riesgo_madrugada": 0.0349}}, {"type": "Feature", "geometry": {"type": "Polygon", "coordinates": [[[-58.49645656203706, -34.60697707677762], [-58.4924620958216, -34.60509983985373], [-58.49321193319231, -34.60125535780438], [-58.49795610501012, -34.599288216667404], [-58.50195033093132, -34.6011655563647], [-58.50120062533282, -34.60500993441689], [-58.49645656203706, -34.60697707677762]]]}, "properties": {"hex_id": "88c2e312b7fffff", "barrio": "Villa Del Parque", "comuna": 11, "riesgo_manana": 0.276, "riesgo_tarde": 0.297, "riesgo_noche": 0.0816, "riesgo_madrugada": 0.042}}, {"type": "Feature", "geometry": {"type": "Polygon", "coordinates": [[[-58.5029457355786, -34.61841774348741], [-58.498951405943636, -34.616541431491335], [-58.4997011628393, -34.61269787198773], [-58.50444511758431, -34.610730728417195], [-58.50843920685032, -34.61260714316306], [-58.50768958174413, -34.61645059872099], [-58.5029457355786, -34.61841774348741]]]}, "properties": {"hex_id": "88c2e312b9fffff", "barrio": "Monte Castro", "comuna": 10, "riesgo_manana": 0.2279, "riesgo_tarde": 0.2247, "riesgo_noche": 0.0766, "riesgo_madrugada": 0.0384}}, {"type": "Feature", "geometry": {"type": "Polygon", "coordinates": [[[-58.50843920685032, -34.61260714316306], [-58.50444511758431, -34.610730728417195], [-58.505194782938716, -34.60688681162182], [-58.50993840576708, -34.60491941357737], [-58.51393225461587, -34.6067959311229], [-58.513182721057326, -34.610639743904535], [-58.50843920685032, -34.61260714316306]]]}, "properties": {"hex_id": "88c2e312bbfffff", "barrio": "Villa Devoto", "comuna": 11, "riesgo_manana": 0.2345, "riesgo_tarde": 0.2374, "riesgo_noche": 0.0749, "riesgo_madrugada": 0.042}}, {"type": "Feature", "geometry": {"type": "Polygon", "coordinates": [[[-58.49420711933214, -34.61850832046359], [-58.490212481111286, -34.616631648731946], [-58.490962369781414, -34.61278798532505], [-58.49570676490179, -34.6108210975444], [-58.4997011628393, -34.61269787198773], [-58.498951405943636, -34.616541431491335], [-58.49420711933214, -34.61850832046359]]]}, "properties": {"hex_id": "88c2e312bdfffff", "barrio": "Villa Del Parque", "comuna": 11, "riesgo_manana": 0.2162, "riesgo_tarde": 0.2165, "riesgo_noche": 0.0761, "riesgo_madrugada": 0.0347}}, {"type": "Feature", "geometry": {"type": "Polygon", "coordinates": [[[-58.50169196530422, -34.64718842055629], [-58.497697359907, -34.645313700980154], [-58.49844717916287, -34.6414722399937], [-58.503191472017214, -34.639505602306905], [-58.50718583702987, -34.64138042449731], [-58.506436149576615, -34.645221781751545], [-58.50169196530422, -34.64718842055629]]]}, "properties": {"hex_id": "88c2e312c1fffff", "barrio": "Villa Luro", "comuna": 10, "riesgo_manana": 0.2593, "riesgo_tarde": 0.2401, "riesgo_noche": 0.0741, "riesgo_madrugada": 0.0373}}, {"type": "Feature", "geometry": {"type": "Polygon", "coordinates": [[[-58.50718583702987, -34.64138042449731], [-58.503191472017214, -34.639505602306905], [-58.503941199722114, -34.63566378386119], [-58.50868516063453, -34.633696891397435], [-58.5126792852144, -34.63557181625206], [-58.51192968931849, -34.639413530897535], [-58.50718583702987, -34.64138042449731]]]}, "properties": {"hex_id": "88c2e312c3fffff", "barrio": "Villa Luro", "comuna": 10, "riesgo_manana": 0.2875, "riesgo_tarde": 0.2634, "riesgo_noche": 0.0721, "riesgo_madrugada": 0.0532}}, {"type": "Feature", "geometry": {"type": "Polygon", "coordinates": [[[-58.49295273516092, -34.64728008376578], [-58.48895782116327, -34.64540500444249], [-58.48970777220669, -34.64156343976611], [-58.494452505464075, -34.63959705809423], [-58.49844717916287, -34.6414722399937], [-58.497697359907, -34.645313700980154], [-58.49295273516092, -34.64728008376578]]]}, "properties": {"hex_id": "88c2e312c5fffff", "barrio": "Villa Luro", "comuna": 10, "riesgo_manana": 0.2913, "riesgo_tarde": 0.2598, "riesgo_noche": 0.0779, "riesgo_madrugada": 0.0467}}, {"type": "Feature", "geometry": {"type": "Polygon", "coordinates": [[[-58.49844717916287, -34.6414722399937], [-58.494452505464075, -34.63959705809423], [-58.49520236496296, -34.63575513589055], [-58.49994676637052, -34.63378849933559], [-58.503941199722114, -34.63566378386119], [-58.503191472017214, -34.639505602306905], [-58.49844717916287, -34.6414722399937]]]}, "properties": {"hex_id": "88c2e312c7fffff", "barrio": "Villa Luro", "comuna": 10, "riesgo_manana": 0.376, "riesgo_tarde": 0.3433, "riesgo_noche": 0.0829, "riesgo_madrugada": 0.0491}}, {"type": "Feature", "geometry": {"type": "Polygon", "coordinates": [[[-58.504936723366605, -34.65290367763145], [-58.50094218629552, -34.65102942034512], [-58.50169196530422, -34.64718842055629], [-58.506436149576615, -34.645221781751545], [-58.510430446225776, -34.64709614164023], [-58.5096807990283, -34.6509370377226], [-58.504936723366605, -34.65290367763145]]]}, "properties": {"hex_id": "88c2e312c9fffff", "barrio": "Mataderos", "comuna": 9, "riesgo_manana": 0.2635, "riesgo_tarde": 0.2377, "riesgo_noche": 0.0714, "riesgo_madrugada": 0.0475}}, {"type": "Feature", "geometry": {"type": "Polygon", "coordinates": [[[-58.510430446225776, -34.64709614164023], [-58.506436149576615, -34.645221781751545], [-58.50718583702987, -34.64138042449731], [-58.51192968931849, -34.639413530897535], [-58.515923745497496, -34.64128799343857], [-58.515174189861874, -34.6451292469183], [-58.510430446225776, -34.64709614164023]]]}, "properties": {"hex_id": "88c2e312cbfffff", "barrio": "Liniers", "comuna": 9, "riesgo_manana": 0.2211, "riesgo_tarde": 0.2082, "riesgo_noche": 0.0717, "riesgo_madrugada": 0.0413}}, {"type": "Feature", "geometry": {"type": "Polygon", "coordinates": [[[-58.49619767008953, -34.652995804230656], [-58.49220282435601, -34.65112118721876], [-58.49295273516092, -34.64728008376578], [-58.497697359907, -34.645313700980154], [-58.50169196530422, -34.64718842055629], [-58.50094218629552, -34.65102942034512], [-58.49619767008953, -34.652995804230656]]]}, "properties": {"hex_id": "88c2e312cdfffff", "barrio": "Mataderos", "comuna": 9, "riesgo_manana": 0.278, "riesgo_tarde": 0.2595, "riesgo_noche": 0.0791, "riesgo_madrugada": 0.0499}}, {"type": "Feature", "geometry": {"type": "Polygon", "coordinates": [[[-58.521416621129774, -34.635479233224885], [-58.51742280546913, -34.6336046679815], [-58.518172309805834, -34.62976259601914], [-58.522915497976555, -34.62779519320203], [-58.52690907307066, -34.62966986119771], [-58.52615970056437, -34.63351182924948], [-58.521416621129774, -34.635479233224885]]]}, "properties": {"hex_id": "88c2e312d1fffff", "barrio": "Versalles", "comuna": 10, "riesgo_manana": 0.2462, "riesgo_tarde": 0.373, "riesgo_noche": 0.1393, "riesgo_madrugada": 0.0398}}, {"type": "Feature", "geometry": {"type": "Polygon", "coordinates": [[[-58.52690907307066, -34.62966986119771], [-58.522915497976555, -34.62779519320203], [-58.52366491075213, -34.62395276399706], [-58.52840776678887, -34.62198510675776], [-58.532401101268235, -34.62385987755572], [-58.53165182032943, -34.62770220278198], [-58.52690907307066, -34.62966986119771]]]}, "properties": {"hex_id": "88c2e312d3fffff", "barrio": "Villa Real", "comuna": 10, "riesgo_manana": 0.1681, "riesgo_tarde": 0.1589, "riesgo_noche": 0.0537, "riesgo_madrugada": 0.0315}}, {"type": "Feature", "geometry": {"type": "Polygon", "coordinates": [[[-58.5126792852144, -34.63557181625206], [-58.50868516063453, -34.633696891397435], [-58.50943479678659, -34.62985471556671], [-58.51417842570697, -34.627887568450255], [-58.518172309805834, -34.62976259601914], [-58.51742280546913, -34.6336046679815], [-58.5126792852144, -34.63557181625206]]]}, "properties": {"hex_id": "88c2e312d5fffff", "barrio": "Versalles", "comuna": 10, "riesgo_manana": 0.1738, "riesgo_tarde": 0.1875, "riesgo_noche": 0.0555, "riesgo_madrugada": 0.0306}}, {"type": "Feature", "geometry": {"type": "Polygon", "coordinates": [[[-58.518172309805834, -34.62976259601914], [-58.51417842570697, -34.627887568450255], [-58.5149279703043, -34.62404503530885], [-58.51967126718253, -34.62207763366401], [-58.52366491075213, -34.62395276399706], [-58.522915497976555, -34.62779519320203], [-58.518172309805834, -34.62976259601914]]]}, "properties": {"hex_id": "88c2e312d7fffff", "barrio": "Monte Castro", "comuna": 10, "riesgo_manana": 0.2107, "riesgo_tarde": 0.216, "riesgo_noche": 0.0688, "riesgo_madrugada": 0.0388}}, {"type": "Feature", "geometry": {"type": "Polygon", "coordinates": [[[-58.52466090425573, -34.64119494697915], [-58.520667157057865, -34.63932084402777], [-58.521416621129774, -34.635479233224885], [-58.52615970056437, -34.63351182924948], [-58.530153207158364, -34.63538603494129], [-58.52940387492546, -34.63922754185936], [-58.52466090425573, -34.64119494697915]]]}, "properties": {"hex_id": "88c2e312d9fffff", "barrio": "Liniers", "comuna": 9, "riesgo_manana": 0.8001, "riesgo_tarde": 1.0076, "riesgo_noche": 0.2054, "riesgo_madrugada": 0.1628}}, {"type": "Feature", "geometry": {"type": "Polygon", "coordinates": [[[-58.515923745497496, -34.64128799343857], [-58.51192968931849, -34.639413530897535], [-58.5126792852144, -34.63557181625206], [-58.51742280546913, -34.6336046679815], [-58.521416621129774, -34.635479233224885], [-58.520667157057865, -34.63932084402777], [-58.515923745497496, -34.64128799343857]]]}, "properties": {"hex_id": "88c2e312ddfffff", "barrio": "Liniers", "comuna": 9, "riesgo_manana": 0.1582, "riesgo_tarde": 0.141, "riesgo_noche": 0.058, "riesgo_madrugada": 0.0967}}, {"type": "Feature", "geometry": {"type": "Polygon", "coordinates": [[[-58.48096761647171, -34.641654023652954], [-58.476972325843704, -34.63977812215648], [-58.47772244888534, -34.635935992563745], [-58.48246773079498, -34.63396986813213], [-58.48646278124723, -34.63584587217858], [-58.48571278996943, -34.63968789809795], [-58.48096761647171, -34.641654023652954]]]}, "properties": {"hex_id": "88c2e312e1fffff", "barrio": "Velez Sarsfield", "comuna": 10, "riesgo_manana": 0.3688, "riesgo_tarde": 0.3508, "riesgo_noche": 0.0924, "riesgo_madrugada": 0.0563}}, {"type": "Feature", "geometry": {"type": "Polygon", "coordinates": [[[-58.48646278124723, -34.63584587217858], [-58.48246773079498, -34.63396986813213], [-58.483217762303006, -34.63012738095023], [-58.48796271249685, -34.62816100154746], [-58.49195752272497, -34.63003710819385], [-58.49120762298722, -34.63387949163433], [-58.48646278124723, -34.63584587217858]]]}, "properties": {"hex_id": "88c2e312e3fffff", "barrio": "Velez Sarsfield", "comuna": 10, "riesgo_manana": 0.3806, "riesgo_tarde": 0.3696, "riesgo_noche": 0.1007, "riesgo_madrugada": 0.0683}}, {"type": "Feature", "geometry": {"type": "Polygon", "coordinates": [[[-58.47222671226853, -34.641743991492724], [-58.46823111339758, -34.63986773010836], [-58.46898136818793, -34.636025496884585], [-58.47372709010437, -34.63405962866749], [-58.47772244888534, -34.635935992563745], [-58.476972325843704, -34.63977812215648], [-58.47222671226853, -34.641743991492724]]]}, "properties": {"hex_id": "88c2e312e5fffff", "barrio": "Parque Avellaneda", "comuna": 9, "riesgo_manana": 0.3293, "riesgo_tarde": 0.2892, "riesgo_noche": 0.0883, "riesgo_madrugada": 0.0542}}, {"type": "Feature", "geometry": {"type": "Polygon", "coordinates": [[[-58.47772244888534, -34.635935992563745], [-58.47372709010437, -34.63405962866749], [-58.47447725336753, -34.63021703778649], [-58.47922264366041, -34.62825091449212], [-58.483217762303006, -34.63012738095023], [-58.48246773079498, -34.63396986813213], [-58.47772244888534, -34.635935992563745]]]}, "properties": {"hex_id": "88c2e312e7fffff", "barrio": "Floresta", "comuna": 10, "riesgo_manana": 0.6183, "riesgo_tarde": 0.5756, "riesgo_noche": 0.1702, "riesgo_madrugada": 0.1554}}, {"type": "Feature", "geometry": {"type": "Polygon", "coordinates": [[[-58.48421275610623, -34.64737113110704], [-58.48021753365578, -34.64549569197696], [-58.48096761647171, -34.641654023652954], [-58.48571278996943, -34.63968789809795], [-58.48970777220669, -34.64156343976611], [-58.48895782116327, -34.64540500444249], [-58.48421275610623, -34.64737113110704]]]}, "properties": {"hex_id": "88c2e312e9fffff", "barrio": "Parque Avellaneda", "comuna": 9, "riesgo_manana": 0.2244, "riesgo_tarde": 0.2323, "riesgo_noche": 0.0707, "riesgo_madrugada": 0.0515}}, {"type": "Feature", "geometry": {"type": "Polygon", "coordinates": [[[-58.48970777220669, -34.64156343976611], [-58.48571278996943, -34.63968789809795], [-58.48646278124723, -34.63584587217858], [-58.49120762298722, -34.63387949163433], [-58.49520236496296, -34.63575513589055], [-58.494452505464075, -34.63959705809423], [-58.48970777220669, -34.64156343976611]]]}, "properties": {"hex_id": "88c2e312ebfffff", "barrio": "Velez Sarsfield", "comuna": 10, "riesgo_manana": 0.2957, "riesgo_tarde": 0.2789, "riesgo_noche": 0.0776, "riesgo_madrugada": 0.0475}}, {"type": "Feature", "geometry": {"type": "Polygon", "coordinates": [[[-58.47547202845063, -34.647461562418556], [-58.47147649769521, -34.645585763422055], [-58.47222671226853, -34.641743991492724], [-58.476972325843704, -34.63977812215648], [-58.48096761647171, -34.641654023652954], [-58.48021753365578, -34.64549569197696], [-58.47547202845063, -34.647461562418556]]]}, "properties": {"hex_id": "88c2e312edfffff", "barrio": "Parque Avellaneda", "comuna": 9, "riesgo_manana": 0.2321, "riesgo_tarde": 0.2362, "riesgo_noche": 0.0558, "riesgo_madrugada": 0.0407}}, {"type": "Feature", "geometry": {"type": "Polygon", "coordinates": [[[-58.420759014094656, -34.65951617880166], [-58.41676146478459, -34.65763878404969], [-58.41751252091013, -34.653797210957656], [-58.422260994681146, -34.6518331358666], [-58.426258304390764, -34.653710632828265], [-58.42550737993372, -34.65755210266255], [-58.420759014094656, -34.65951617880166]]]}, "properties": {"hex_id": "88c2e31311fffff", "barrio": "Nueva Pompeya", "comuna": 4, "riesgo_manana": 0.2073, "riesgo_tarde": 0.1935, "riesgo_noche": 0.0531, "riesgo_madrugada": 0.0595}}, {"type": "Feature", "geometry": {"type": "Polygon", "coordinates": [[[-58.426258304390764, -34.653710632828265], [-58.422260994681146, -34.6518331358666], [-58.4230119593114, -34.647991204622976], [-58.427760101980134, -34.646026873657966], [-58.431757172040726, -34.64790447287934], [-58.4310063390855, -34.65174630079725], [-58.426258304390764, -34.653710632828265]]]}, "properties": {"hex_id": "88c2e31313fffff", "barrio": "Nueva Pompeya", "comuna": 4, "riesgo_manana": 0.2988, "riesgo_tarde": 0.3103, "riesgo_noche": 0.0953, "riesgo_madrugada": 0.1058}}, {"type": "Feature", "geometry": {"type": "Polygon", "coordinates": [[[-58.412012659961974, -34.65960260314283], [-58.40801480340778, -34.65772484809148], [-58.40876599118654, -34.65388317178405], [-58.41351490387017, -34.65191935373464], [-58.41751252091013, -34.653797210957656], [-58.41676146478459, -34.65763878404969], [-58.412012659961974, -34.65960260314283]]]}, "properties": {"hex_id": "88c2e31315fffff", "barrio": "Nueva Pompeya", "comuna": 4, "riesgo_manana": 0.278, "riesgo_tarde": 0.2803, "riesgo_noche": 0.1045, "riesgo_madrugada": 0.0951}}, {"type": "Feature", "geometry": {"type": "Polygon", "coordinates": [[[-58.41751252091013, -34.653797210957656], [-58.41351490387017, -34.65191935373464], [-58.41426600016021, -34.64807731920763], [-58.41901458183434, -34.646113245178306], [-58.4230119593114, -34.647991204622976], [-58.422260994681146, -34.6518331358666], [-58.41751252091013, -34.653797210957656]]]}, "properties": {"hex_id": "88c2e31317fffff", "barrio": "Nueva Pompeya", "comuna": 4, "riesgo_manana": 0.4542, "riesgo_tarde": 0.4622, "riesgo_noche": 0.1263, "riesgo_madrugada": 0.1129}}, {"type": "Feature", "geometry": {"type": "Polygon", "coordinates": [[[-58.42400547969329, -34.66523422279249], [-58.420007998137784, -34.6633572904783], [-58.420759014094656, -34.65951617880166], [-58.42550737993372, -34.65755210266255], [-58.42950462185125, -34.659429137174484], [-58.42875373757157, -34.66327014561902], [-58.42400547969329, -34.66523422279249]]]}, "properties": {"hex_id": "88c2e31319fffff", "barrio": "Villa Soldati", "comuna": 8, "riesgo_manana": 0.0732, "riesgo_tarde": 0.0677, "riesgo_noche": 0.0198, "riesgo_madrugada": 0.0199}}, {"type": "Feature", "geometry": {"type": "Polygon", "coordinates": [[[-58.42950462185125, -34.659429137174484], [-58.42550737993372, -34.65755210266255], [-58.426258304390764, -34.653710632828265], [-58.4310063390855, -34.65174630079725], [-58.43500334131642, -34.65362343755695], [-58.43425254854314, -34.65746480409118], [-58.42950462185125, -34.659429137174484]]]}, "properties": {"hex_id": "88c2e3131bfffff", "barrio": "Nueva Pompeya", "comuna": 4, "riesgo_manana": 0.2198, "riesgo_tarde": 0.2235, "riesgo_noche": 0.0787, "riesgo_madrugada": 0.0666}}, {"type": "Feature", "geometry": {"type": "Polygon", "coordinates": [[[-58.38576912242956, -34.659858170839996], [-58.381770345034255, -34.657979334534446], [-58.38252192768082, -34.654137348834894], [-58.38727215611935, -34.6521743025205], [-58.39127069425942, -34.65405324088363], [-58.39051924322009, -34.657895123494825], [-58.38576912242956, -34.659858170839996]]]}, "properties": {"hex_id": "88c2e31323fffff", "barrio": "Barracas", "comuna": 4, "riesgo_manana": 0.1382, "riesgo_tarde": 0.1417, "riesgo_noche": 0.0428, "riesgo_madrugada": 0.0483}}, {"type": "Feature", "geometry": {"type": "Polygon", "coordinates": [[[-58.3770197859157, -34.659942124427005], [-58.373020701870715, -34.65806292758483], [-58.3737724161092, -34.65422083883931], [-58.37852308280469, -34.65225804997317], [-58.38252192768082, -34.654137348834894], [-58.381770345034255, -34.657979334534446], [-58.3770197859157, -34.659942124427005]]]}, "properties": {"hex_id": "88c2e31327fffff", "barrio": "Barracas", "comuna": 4, "riesgo_manana": 0.1367, "riesgo_tarde": 0.1437, "riesgo_noche": 0.0437, "riesgo_madrugada": 0.0389}}, {"type": "Feature", "geometry": {"type": "Polygon", "coordinates": [[[-58.40001871553216, -34.65396851514638], [-58.39602048427691, -34.652089937222584], [-58.39677184384065, -34.64824769625591], [-58.40152130303436, -34.646284136402926], [-58.40551929489921, -34.64816281647229], [-58.40476806696468, -34.65200495424031], [-58.40001871553216, -34.65396851514638]]]}, "properties": {"hex_id": "88c2e31331fffff", "barrio": "Barracas", "comuna": 4, "riesgo_manana": 0.4616, "riesgo_tarde": 0.4458, "riesgo_noche": 0.1259, "riesgo_madrugada": 0.1076}}, {"type": "Feature", "geometry": {"type": "Polygon", "coordinates": [[[-58.40551929489921, -34.64816281647229], [-58.40152130303436, -34.646284136402926], [-58.40227257112049, -34.64244153715478], [-58.40702169943963, -34.64047772123385], [-58.411019451865386, -34.64235650349875], [-58.41026831541502, -34.64619899948029], [-58.40551929489921, -34.64816281647229]]]}, "properties": {"hex_id": "88c2e31333fffff", "barrio": "Parque Patricios", "comuna": 4, "riesgo_manana": 0.3475, "riesgo_tarde": 0.3546, "riesgo_noche": 0.1349, "riesgo_madrugada": 0.0961}}, {"type": "Feature", "geometry": {"type": "Polygon", "coordinates": [[[-58.39127069425942, -34.65405324088363], [-58.38727215611935, -34.6521743025205], [-58.388023647296976, -34.64833195839753], [-58.39277354500465, -34.64636865578523], [-58.39677184384065, -34.64824769625591], [-58.39602048427691, -34.652089937222584], [-58.39127069425942, -34.65405324088363]]]}, "properties": {"hex_id": "88c2e31335fffff", "barrio": "Barracas", "comuna": 4, "riesgo_manana": 0.382, "riesgo_tarde": 0.4245, "riesgo_noche": 0.1212, "riesgo_madrugada": 0.1044}}, {"type": "Feature", "geometry": {"type": "Polygon", "coordinates": [[[-58.39677184384065, -34.64824769625591], [-58.39277354500465, -34.64636865578523], [-58.39352494471126, -34.64252595331281], [-58.39827451163728, -34.64056239452658], [-58.40227257112049, -34.64244153715478], [-58.40152130303436, -34.646284136402926], [-58.39677184384065, -34.64824769625591]]]}, "properties": {"hex_id": "88c2e31337fffff", "barrio": "Parque Patricios", "comuna": 4, "riesgo_manana": 0.153, "riesgo_tarde": 0.2425, "riesgo_noche": 0.0854, "riesgo_madrugada": 0.033}}, {"type": "Feature", "geometry": {"type": "Polygon", "coordinates": [[[-58.40326555976531, -34.65968841003698], [-58.39926739611548, -34.65781029462686], [-58.40001871553216, -34.65396851514638], [-58.40476806696468, -34.65200495424031], [-58.40876599118654, -34.65388317178405], [-58.40801480340778, -34.65772484809148], [-58.40326555976531, -34.65968841003698]]]}, "properties": {"hex_id": "88c2e31339fffff", "barrio": "Nueva Pompeya", "comuna": 4, "riesgo_manana": 0.3178, "riesgo_tarde": 0.3252, "riesgo_noche": 0.1023, "riesgo_madrugada": 0.1329}}, {"type": "Feature", "geometry": {"type": "Polygon", "coordinates": [[[-58.40876599118654, -34.65388317178405], [-58.40476806696468, -34.65200495424031], [-58.40551929489921, -34.64816281647229], [-58.41026831541502, -34.64619899948029], [-58.41426600016021, -34.64807731920763], [-58.41351490387017, -34.65191935373464], [-58.40876599118654, -34.65388317178405]]]}, "properties": {"hex_id": "88c2e3133bfffff", "barrio": "Nueva Pompeya", "comuna": 4, "riesgo_manana": 0.3196, "riesgo_tarde": 0.3134, "riesgo_noche": 0.1155, "riesgo_madrugada": 0.1013}}, {"type": "Feature", "geometry": {"type": "Polygon", "coordinates": [[[-58.394517713816995, -34.65977359932301], [-58.39051924322009, -34.657895123494825], [-58.39127069425942, -34.65405324088363], [-58.39602048427691, -34.652089937222584], [-58.40001871553216, -34.65396851514638], [-58.39926739611548, -34.65781029462686], [-58.394517713816995, -34.65977359932301]]]}, "properties": {"hex_id": "88c2e3133dfffff", "barrio": "Barracas", "comuna": 4, "riesgo_manana": 0.4355, "riesgo_tarde": 0.4794, "riesgo_noche": 0.143, "riesgo_madrugada": 0.1504}}, {"type": "Feature", "geometry": {"type": "Polygon", "coordinates": [[[-58.490226731671484, -34.54945958504453], [-58.48623250844164, -34.54757880110997], [-58.48698235283654, -34.54373001806777], [-58.491726288734206, -34.54176212333312], [-58.49572027178654, -34.54364301027291], [-58.494970559122564, -34.54749168893339], [-58.490226731671484, -34.54945958504453]]]}, "properties": {"hex_id": "88c2e3152dfffff", "barrio": "Saavedra", "comuna": 12, "riesgo_manana": 0.1519, "riesgo_tarde": 0.2163, "riesgo_noche": 0.0399, "riesgo_madrugada": 0.014}}, {"type": "Feature", "geometry": {"type": "Polygon", "coordinates": [[[-58.49671540532694, -34.5609159466147], [-58.492721318557585, -34.559036088143024], [-58.493471082508435, -34.55518822787615], [-58.49821480148423, -34.553220330402546], [-58.50220864800136, -34.55510029185605], [-58.50145901579872, -34.55894804779263], [-58.49671540532694, -34.5609159466147]]]}, "properties": {"hex_id": "88c2e31561fffff", "barrio": "Saavedra", "comuna": 12, "riesgo_manana": 0.0492, "riesgo_tarde": 0.0692, "riesgo_noche": 0.0136, "riesgo_madrugada": 0.0086}}, {"type": "Feature", "geometry": {"type": "Polygon", "coordinates": [[[-58.48797726785782, -34.561003731519826], [-58.48398287267934, -34.55912351327695], [-58.48473276836337, -34.55527554872227], [-58.48947692749654, -34.55330790668956], [-58.493471082508435, -34.55518822787615], [-58.492721318557585, -34.559036088143024], [-58.48797726785782, -34.561003731519826]]]}, "properties": {"hex_id": "88c2e31565fffff", "barrio": "Saavedra", "comuna": 12, "riesgo_manana": 0.2279, "riesgo_tarde": 0.2218, "riesgo_noche": 0.0578, "riesgo_madrugada": 0.0317}}, {"type": "Feature", "geometry": {"type": "Polygon", "coordinates": [[[-58.493471082508435, -34.55518822787615], [-58.48947692749654, -34.55330790668956], [-58.490226731671484, -34.54945958504453], [-58.494970559122564, -34.54749168893339], [-58.49896447391959, -34.549372113113535], [-58.49821480148423, -34.553220330402546], [-58.493471082508435, -34.55518822787615]]]}, "properties": {"hex_id": "88c2e31567fffff", "barrio": "Saavedra", "comuna": 12, "riesgo_manana": 0.2431, "riesgo_tarde": 0.2564, "riesgo_noche": 0.074, "riesgo_madrugada": 0.042}}, {"type": "Feature", "geometry": {"type": "Polygon", "coordinates": [[[-58.49995970010657, -34.5666427413123], [-58.49596568160432, -34.56476334552247], [-58.49671540532694, -34.5609159466147], [-58.50145901579872, -34.55894804779263], [-58.50545279401136, -34.560827546552545], [-58.504703202045626, -34.56467484115574], [-58.49995970010657, -34.5666427413123]]]}, "properties": {"hex_id": "88c2e31569fffff", "barrio": "Saavedra", "comuna": 12, "riesgo_manana": 0.0616, "riesgo_tarde": 0.0677, "riesgo_noche": 0.0159, "riesgo_madrugada": 0.0107}}, {"type": "Feature", "geometry": {"type": "Polygon", "coordinates": [[[-58.49122173936672, -34.56673099022935], [-58.48722741239341, -34.564851234689684], [-58.48797726785782, -34.561003731519826], [-58.492721318557585, -34.559036088143024], [-58.49671540532694, -34.5609159466147], [-58.49596568160432, -34.56476334552247], [-58.49122173936672, -34.56673099022935]]]}, "properties": {"hex_id": "88c2e3156dfffff", "barrio": "Villa Urquiza", "comuna": 12, "riesgo_manana": 0.1709, "riesgo_tarde": 0.1697, "riesgo_noche": 0.0408, "riesgo_madrugada": 0.0189}}, {"type": "Feature", "geometry": {"type": "Polygon", "coordinates": [[[-58.50969241600777, -34.58381758168164], [-58.505698602454395, -34.58193957373861], [-58.50644820546742, -34.57809355879346], [-58.51119149025489, -34.57612565600997], [-58.51518506340664, -34.57800376688784], [-58.51443559217638, -34.58184967760567], [-58.50969241600777, -34.58381758168164]]]}, "properties": {"hex_id": "88c2e31725fffff", "barrio": "Villa Pueyrredon", "comuna": 12, "riesgo_manana": 0.1628, "riesgo_tarde": 0.1561, "riesgo_noche": 0.0388, "riesgo_madrugada": 0.0189}}, {"type": "Feature", "geometry": {"type": "Polygon", "coordinates": [[[-58.5129365984275, -34.58954068073812], [-58.50894285323955, -34.58766313534429], [-58.50969241600777, -34.58381758168164], [-58.51443559217638, -34.58184967760567], [-58.51842909692537, -34.58372732592256], [-58.51767966594854, -34.58757277538364], [-58.5129365984275, -34.58954068073812]]]}, "properties": {"hex_id": "88c2e3172dfffff", "barrio": "Villa Devoto", "comuna": 11, "riesgo_manana": 0.1675, "riesgo_tarde": 0.146, "riesgo_noche": 0.0422, "riesgo_madrugada": 0.0303}}, {"type": "Feature", "geometry": {"type": "Polygon", "coordinates": [[[-58.5194248788233, -34.60098410756591], [-58.515431270439954, -34.59910748717076], [-58.51618075270616, -34.59526285601534], [-58.52092371155093, -34.593294949396366], [-58.52491707942067, -34.595171672691016], [-58.52416772896309, -34.59901619969643], [-58.5194248788233, -34.60098410756591]]]}, "properties": {"hex_id": "88c2e31761fffff", "barrio": "Villa Devoto", "comuna": 11, "riesgo_manana": 0.1305, "riesgo_tarde": 0.1357, "riesgo_noche": 0.0273, "riesgo_madrugada": 0.0172}}, {"type": "Feature", "geometry": {"type": "Polygon", "coordinates": [[[-58.51068797957834, -34.60107513956469], [-58.506694062352324, -34.59919815954827], [-58.50744367641215, -34.59535342428519], [-58.51218707590823, -34.5933857731375], [-58.51618075270616, -34.59526285601534], [-58.515431270439954, -34.59910748717076], [-58.51068797957834, -34.60107513956469]]]}, "properties": {"hex_id": "88c2e31765fffff", "barrio": "Villa Devoto", "comuna": 11, "riesgo_manana": 0.2172, "riesgo_tarde": 0.2451, "riesgo_noche": 0.0593, "riesgo_madrugada": 0.0266}}, {"type": "Feature", "geometry": {"type": "Polygon", "coordinates": [[[-58.51618075270616, -34.59526285601534], [-58.51218707590823, -34.5933857731375], [-58.5129365984275, -34.58954068073812], [-58.51767966594854, -34.58757277538364], [-58.5216731022702, -34.58944996117277], [-58.52092371155093, -34.593294949396366], [-58.51618075270616, -34.59526285601534]]]}, "properties": {"hex_id": "88c2e31767fffff", "barrio": "Villa Devoto", "comuna": 11, "riesgo_manana": 0.1911, "riesgo_tarde": 0.1834, "riesgo_noche": 0.0445, "riesgo_madrugada": 0.0281}}, {"type": "Feature", "geometry": {"type": "Polygon", "coordinates": [[[-58.52266897675853, -34.60670443544248], [-58.51867543681431, -34.6048282774967], [-58.5194248788233, -34.60098410756591], [-58.52416772896309, -34.59901619969643], [-58.528161028356394, -34.60089246052992], [-58.52741171816463, -34.604736526336474], [-58.52266897675853, -34.60670443544248]]]}, "properties": {"hex_id": "88c2e31769fffff", "barrio": "Villa Devoto", "comuna": 11, "riesgo_manana": 0.1014, "riesgo_tarde": 0.117, "riesgo_noche": 0.021, "riesgo_madrugada": 0.0126}}, {"type": "Feature", "geometry": {"type": "Polygon", "coordinates": [[[-58.51393225461587, -34.6067959311229], [-58.50993840576708, -34.60491941357737], [-58.51068797957834, -34.60107513956469], [-58.515431270439954, -34.59910748717076], [-58.5194248788233, -34.60098410756591], [-58.51867543681431, -34.6048282774967], [-58.51393225461587, -34.6067959311229]]]}, "properties": {"hex_id": "88c2e3176dfffff", "barrio": "Villa Devoto", "comuna": 11, "riesgo_manana": 0.1811, "riesgo_tarde": 0.205, "riesgo_noche": 0.0513, "riesgo_madrugada": 0.023}}, {"type": "Feature", "geometry": {"type": "Polygon", "coordinates": [[[-58.34228858505603, -34.61422558624987], [-58.338288656353086, -34.61234232709872], [-58.33904082294704, -34.608496442098016], [-58.343792786741574, -34.60653391944741], [-58.347792476663614, -34.60841728067547], [-58.347040441575956, -34.61226306246847], [-58.34228858505603, -34.61422558624987]]]}, "properties": {"hex_id": "88c2e31a13fffff", "barrio": "Puerto Madero", "comuna": 1, "riesgo_manana": 0.0, "riesgo_tarde": 0.0, "riesgo_noche": 0.0, "riesgo_madrugada": 0.0}}, {"type": "Feature", "geometry": {"type": "Polygon", "coordinates": [[[-58.34003215418372, -34.62576103579258], [-58.33603205389425, -34.62387834148604], [-58.336784271827014, -34.6200332768002], [-58.34153645854478, -34.6180710095264], [-58.34553632006459, -34.61995380584805], [-58.34478423364025, -34.62379876741966], [-58.34003215418372, -34.62576103579258]]]}, "properties": {"hex_id": "88c2e31a19fffff", "barrio": "La Boca", "comuna": 4, "riesgo_manana": 0.0028, "riesgo_tarde": 0.0028, "riesgo_noche": 0.0015, "riesgo_madrugada": 0.0002}}, {"type": "Feature", "geometry": {"type": "Polygon", "coordinates": [[[-58.34553632006459, -34.61995380584805], [-58.34153645854478, -34.6180710095264], [-58.34228858505603, -34.61422558624987], [-58.347040441575956, -34.61226306246847], [-58.351040064277136, -34.61414596085515], [-58.35028806928099, -34.61799128094947], [-58.34553632006459, -34.61995380584805]]]}, "properties": {"hex_id": "88c2e31a1bfffff", "barrio": "Puerto Madero", "comuna": 1, "riesgo_manana": 0.0, "riesgo_tarde": 0.0, "riesgo_noche": 0.0, "riesgo_madrugada": 0.0}}, {"type": "Feature", "geometry": {"type": "Polygon", "coordinates": [[[-58.34328000945256, -34.631487870289156], [-58.33927997633325, -34.62960563876734], [-58.34003215418372, -34.62576103579258], [-58.34478423364025, -34.62379876741966], [-58.34878402795221, -34.625681100944696], [-58.34803198161895, -34.62952560083071], [-58.34328000945256, -34.631487870289156]]]}, "properties": {"hex_id": "88c2e31a53fffff", "barrio": "La Boca", "comuna": 4, "riesgo_manana": 0.0005, "riesgo_tarde": 0.0009, "riesgo_noche": 0.0002, "riesgo_madrugada": 0.0002}}, {"type": "Feature", "geometry": {"type": "Polygon", "coordinates": [[[-58.36105444884648, -34.58525768943725], [-58.3570554082518, -34.583373558769615], [-58.35780724925418, -34.5795257784555], [-58.362557999330996, -34.57756223230547], [-58.366556800986736, -34.579446465261185], [-58.36580509150853, -34.583294142070095], [-58.36105444884648, -34.58525768943725]]]}, "properties": {"hex_id": "88c2e31a83fffff", "barrio": "Retiro", "comuna": 1, "riesgo_manana": 0.0, "riesgo_tarde": 0.0, "riesgo_noche": 0.0, "riesgo_madrugada": 0.0}}, {"type": "Feature", "geometry": {"type": "Polygon", "coordinates": [[[-58.364301621226545, -34.59098867579112], [-58.360302647940976, -34.58910500803324], [-58.36105444884648, -34.58525768943725], [-58.36580509150853, -34.583294142070095], [-58.369803825817456, -34.58517791210426], [-58.36905215644488, -34.58902512722051], [-58.364301621226545, -34.59098867579112]]]}, "properties": {"hex_id": "88c2e31a8bfffff", "barrio": "Retiro", "comuna": 1, "riesgo_manana": 0.0202, "riesgo_tarde": 0.017, "riesgo_noche": 0.0034, "riesgo_madrugada": 0.0029}}, {"type": "Feature", "geometry": {"type": "Polygon", "coordinates": [[[-58.37530560852165, -34.57936653438571], [-58.37130711323822, -34.57748266202548], [-58.37205873128707, -34.57363462707815], [-58.376808713077125, -34.57167056809815], [-58.380806969286255, -34.5735545428343], [-58.38005548278359, -34.5774024741658], [-58.37530560852165, -34.57936653438571]]]}, "properties": {"hex_id": "88c2e31a91fffff", "barrio": "Recoleta", "comuna": 2, "riesgo_manana": 0.0011, "riesgo_tarde": 0.0017, "riesgo_noche": 0.0005, "riesgo_madrugada": 0.0001}}, {"type": "Feature", "geometry": {"type": "Polygon", "coordinates": [[[-58.380806969286255, -34.5735545428343], [-58.376808713077125, -34.57167056809815], [-58.377560239694596, -34.567822175086924], [-58.38230989097236, -34.56585786048701], [-58.386307908058384, -34.56774193764886], [-58.385556512993716, -34.57159022697619], [-58.380806969286255, -34.5735545428343]]]}, "properties": {"hex_id": "88c2e31a93fffff", "barrio": "Recoleta", "comuna": 2, "riesgo_manana": 0.0, "riesgo_tarde": 0.0, "riesgo_noche": 0.0, "riesgo_madrugada": 0.0}}, {"type": "Feature", "geometry": {"type": "Polygon", "coordinates": [[[-58.378552458457385, -34.585097517106504], [-58.37455403058303, -34.58321410764686], [-58.37530560852165, -34.57936653438571], [-58.38005548278359, -34.5774024741658], [-58.384053671546035, -34.57928598598956], [-58.38330222516235, -34.58313345566039], [-58.378552458457385, -34.585097517106504]]]}, "properties": {"hex_id": "88c2e31a99fffff", "barrio": "Retiro", "comuna": 1, "riesgo_manana": 0.5399, "riesgo_tarde": 0.5605, "riesgo_noche": 0.2256, "riesgo_madrugada": 0.1962}}, {"type": "Feature", "geometry": {"type": "Polygon", "coordinates": [[[-58.384053671546035, -34.57928598598956], [-58.38005548278359, -34.5774024741658], [-58.380806969286255, -34.5735545428343], [-58.385556512993716, -34.57159022697619], [-58.389554462595456, -34.57347384121386], [-58.38880310765434, -34.57732166888699], [-58.384053671546035, -34.57928598598956]]]}, "properties": {"hex_id": "88c2e31a9bfffff", "barrio": "Recoleta", "comuna": 2, "riesgo_manana": 0.0761, "riesgo_tarde": 0.0891, "riesgo_noche": 0.0178, "riesgo_madrugada": 0.0157}}, {"type": "Feature", "geometry": {"type": "Polygon", "coordinates": [[[-58.369803825817456, -34.58517791210426], [-58.36580509150853, -34.583294142070095], [-58.366556800986736, -34.579446465261185], [-58.37130711323822, -34.57748266202548], [-58.37530560852165, -34.57936653438571], [-58.37455403058303, -34.58321410764686], [-58.369803825817456, -34.58517791210426]]]}, "properties": {"hex_id": "88c2e31a9dfffff", "barrio": "Retiro", "comuna": 1, "riesgo_manana": 0.0722, "riesgo_tarde": 0.0822, "riesgo_noche": 0.0168, "riesgo_madrugada": 0.0144}}, {"type": "Feature", "geometry": {"type": "Polygon", "coordinates": [[[-58.35654338676822, -34.608337501012116], [-58.35254400293463, -34.60645450051055], [-58.353295946596596, -34.60260836027526], [-58.3580471425677, -34.60064532385095], [-58.36204628748479, -34.60252842651726], [-58.36129447535125, -34.60637446343438], [-58.35654338676822, -34.608337501012116]]]}, "properties": {"hex_id": "88c2e31ac1fffff", "barrio": "Puerto Madero", "comuna": 1, "riesgo_manana": 0.016, "riesgo_tarde": 0.0195, "riesgo_noche": 0.0049, "riesgo_madrugada": 0.0025}}, {"type": "Feature", "geometry": {"type": "Polygon", "coordinates": [[[-58.36204628748479, -34.60252842651726], [-58.3580471425677, -34.60064532385095], [-58.35879899480192, -34.59679882524763], [-58.36354986042212, -34.594835532688094], [-58.36754876637383, -34.59671873756901], [-58.36679704567467, -34.60056513278614], [-58.36204628748479, -34.60252842651726]]]}, "properties": {"hex_id": "88c2e31ac3fffff", "barrio": "Puerto Madero", "comuna": 1, "riesgo_manana": 0.0222, "riesgo_tarde": 0.0261, "riesgo_noche": 0.0086, "riesgo_madrugada": 0.0059}}, {"type": "Feature", "geometry": {"type": "Polygon", "coordinates": [[[-58.347792476663614, -34.60841728067547], [-58.343792786741574, -34.60653391944741], [-58.34454486191654, -34.60268767593643], [-58.349296495504476, -34.60072489692043], [-58.353295946596596, -34.60260836027526], [-58.35254400293463, -34.60645450051055], [-58.347792476663614, -34.60841728067547]]]}, "properties": {"hex_id": "88c2e31ac5fffff", "barrio": "Puerto Madero", "comuna": 1, "riesgo_manana": 0.0024, "riesgo_tarde": 0.0031, "riesgo_noche": 0.0009, "riesgo_madrugada": 0.0005}}, {"type": "Feature", "geometry": {"type": "Polygon", "coordinates": [[[-58.353295946596596, -34.60260836027526], [-58.349296495504476, -34.60072489692043], [-58.35004847925834, -34.59687829497346], [-58.35479978258862, -34.594915259716224], [-58.35879899480192, -34.59679882524763], [-58.3580471425677, -34.60064532385095], [-58.353295946596596, -34.60260836027526]]]}, "properties": {"hex_id": "88c2e31ac7fffff", "barrio": "Puerto Madero", "comuna": 1, "riesgo_manana": 0.0, "riesgo_tarde": 0.0, "riesgo_noche": 0.0, "riesgo_madrugada": 0.0}}, {"type": "Feature", "geometry": {"type": "Polygon", "coordinates": [[[-58.359790799752716, -34.61406571723613], [-58.35579148320234, -34.612183179554954], [-58.35654338676822, -34.608337501012116], [-58.36129447535125, -34.60637446343438], [-58.36529355294747, -34.608257103268436], [-58.36454178091878, -34.612102678518625], [-58.359790799752716, -34.61406571723613]]]}, "properties": {"hex_id": "88c2e31ac9fffff", "barrio": "Puerto Madero", "comuna": 1, "riesgo_manana": 0.0532, "riesgo_tarde": 0.0884, "riesgo_noche": 0.0219, "riesgo_madrugada": 0.0129}}, {"type": "Feature", "geometry": {"type": "Polygon", "coordinates": [[[-58.351040064277136, -34.61414596085515], [-58.347040441575956, -34.61226306246847], [-58.347792476663614, -34.60841728067547], [-58.35254400293463, -34.60645450051055], [-58.35654338676822, -34.608337501012116], [-58.35579148320234, -34.612183179554954], [-58.351040064277136, -34.61414596085515]]]}, "properties": {"hex_id": "88c2e31acdfffff", "barrio": "Puerto Madero", "comuna": 1, "riesgo_manana": 0.0008, "riesgo_tarde": 0.0023, "riesgo_noche": 0.0004, "riesgo_madrugada": 0.0001}}, {"type": "Feature", "geometry": {"type": "Polygon", "coordinates": [[[-58.37629779366092, -34.59663803209808], [-58.372299194119634, -34.594755187808666], [-58.37305082338234, -34.59090843436589], [-58.37780092063316, -34.58894462870052], [-58.381799281073704, -34.59082757529241], [-58.381047783368096, -34.594674225238464], [-58.37629779366092, -34.59663803209808]]]}, "properties": {"hex_id": "88c2e31ad1fffff", "barrio": "Retiro", "comuna": 1, "riesgo_manana": 0.8283, "riesgo_tarde": 0.9724, "riesgo_noche": 0.2311, "riesgo_madrugada": 0.2013}}, {"type": "Feature", "geometry": {"type": "Polygon", "coordinates": [[[-58.381799281073704, -34.59082757529241], [-58.37780092063316, -34.58894462870052], [-58.378552458457385, -34.585097517106504], [-58.38330222516235, -34.58313345566039], [-58.38730034645339, -34.58501650460455], [-58.38654894019286, -34.58886351263381], [-58.381799281073704, -34.59082757529241]]]}, "properties": {"hex_id": "88c2e31ad3fffff", "barrio": "Retiro", "comuna": 1, "riesgo_manana": 0.1762, "riesgo_tarde": 0.2372, "riesgo_noche": 0.068, "riesgo_madrugada": 0.0423}}, {"type": "Feature", "geometry": {"type": "Polygon", "coordinates": [[[-58.36754876637383, -34.59671873756901], [-58.36354986042212, -34.594835532688094], [-58.364301621226545, -34.59098867579112], [-58.36905215644488, -34.58902512722051], [-58.37305082338234, -34.59090843436589], [-58.372299194119634, -34.594755187808666], [-58.36754876637383, -34.59671873756901]]]}, "properties": {"hex_id": "88c2e31ad5fffff", "barrio": "Retiro", "comuna": 1, "riesgo_manana": 0.0495, "riesgo_tarde": 0.0599, "riesgo_noche": 0.0124, "riesgo_madrugada": 0.0116}}, {"type": "Feature", "geometry": {"type": "Polygon", "coordinates": [[[-58.37305082338234, -34.59090843436589], [-58.36905215644488, -34.58902512722051], [-58.369803825817456, -34.58517791210426], [-58.37455403058303, -34.58321410764686], [-58.378552458457385, -34.585097517106504], [-58.37780092063316, -34.58894462870052], [-58.37305082338234, -34.59090843436589]]]}, "properties": {"hex_id": "88c2e31ad7fffff", "barrio": "Retiro", "comuna": 1, "riesgo_manana": 0.7375, "riesgo_tarde": 0.8304, "riesgo_noche": 0.2451, "riesgo_madrugada": 0.2841}}, {"type": "Feature", "geometry": {"type": "Polygon", "coordinates": [[[-58.379544736632646, -34.60236670535285], [-58.37554620451224, -34.60048432388651], [-58.37629779366092, -34.59663803209808], [-58.381047783368096, -34.594674225238464], [-58.385046076350164, -34.596556708995415], [-58.384294618767335, -34.60040289731264], [-58.379544736632646, -34.60236670535285]]]}, "properties": {"hex_id": "88c2e31ad9fffff", "barrio": "Retiro", "comuna": 1, "riesgo_manana": 0.8417, "riesgo_tarde": 0.9336, "riesgo_noche": 0.2462, "riesgo_madrugada": 0.1852}}, {"type": "Feature", "geometry": {"type": "Polygon", "coordinates": [[[-58.385046076350164, -34.596556708995415], [-58.381047783368096, -34.594674225238464], [-58.381799281073704, -34.59082757529241], [-58.38654894019286, -34.58886351263381], [-58.390546993987805, -34.59074609873122], [-58.38979562785463, -34.59459264513805], [-58.385046076350164, -34.596556708995415]]]}, "properties": {"hex_id": "88c2e31adbfffff", "barrio": "Retiro", "comuna": 1, "riesgo_manana": 0.4914, "riesgo_tarde": 0.4963, "riesgo_noche": 0.1298, "riesgo_madrugada": 0.1004}}, {"type": "Feature", "geometry": {"type": "Polygon", "coordinates": [[[-58.37079588426785, -34.60244787482293], [-58.36679704567467, -34.60056513278614], [-58.36754876637383, -34.59671873756901], [-58.372299194119634, -34.594755187808666], [-58.37629779366092, -34.59663803209808], [-58.37554620451224, -34.60048432388651], [-58.37079588426785, -34.60244787482293]]]}, "properties": {"hex_id": "88c2e31addfffff", "barrio": "San Nicolas", "comuna": 1, "riesgo_manana": 0.7823, "riesgo_tarde": 0.9575, "riesgo_noche": 0.1996, "riesgo_madrugada": 0.1613}}, {"type": "Feature", "geometry": {"type": "Polygon", "coordinates": [[[-58.46421761708402, -34.70505255448422], [-58.4602212264287, -34.703179578376115], [-58.46097169759683, -34.69934190220221], [-58.46571842765568, -34.69737730526449], [-58.46971457823846, -34.69925038356257], [-58.468964238838794, -34.70308795659966], [-58.46421761708402, -34.70505255448422]]]}, "properties": {"hex_id": "88c2e388a1fffff", "barrio": "Villa Riachuelo", "comuna": 8, "riesgo_manana": 0.0075, "riesgo_tarde": 0.0081, "riesgo_noche": 0.0029, "riesgo_madrugada": 0.0023}}, {"type": "Feature", "geometry": {"type": "Polygon", "coordinates": [[[-58.46971457823846, -34.69925038356257], [-58.46571842765568, -34.69737730526449], [-58.466468807279234, -34.69353927102741], [-58.47121520571448, -34.691574418284446], [-58.4752111161763, -34.693447598822615], [-58.47446086832769, -34.69728552985492], [-58.46971457823846, -34.69925038356257]]]}, "properties": {"hex_id": "88c2e388a3fffff", "barrio": "Villa Riachuelo", "comuna": 8, "riesgo_manana": 0.1547, "riesgo_tarde": 0.1595, "riesgo_noche": 0.0551, "riesgo_madrugada": 0.0506}}, {"type": "Feature", "geometry": {"type": "Polygon", "coordinates": [[[-58.46097169759683, -34.69934190220221], [-58.456975238890124, -34.69746846393354], [-58.457725750273475, -34.693630326533906], [-58.46247258860759, -34.69166573055675], [-58.466468807279234, -34.69353927102741], [-58.46571842765568, -34.69737730526449], [-58.46097169759683, -34.69934190220221]]]}, "properties": {"hex_id": "88c2e388a7fffff", "barrio": "Villa Riachuelo", "comuna": 8, "riesgo_manana": 0.0139, "riesgo_tarde": 0.0145, "riesgo_noche": 0.0034, "riesgo_madrugada": 0.0041}}, {"type": "Feature", "geometry": {"type": "Polygon", "coordinates": [[[-58.48944821930124, -34.68755175847337], [-58.48545285745236, -34.685678835479756], [-58.4862029221931, -34.681840188678386], [-58.49094821698366, -34.67987456824476], [-58.49494333852903, -34.6817475936167], [-58.49419340559119, -34.6855861370352], [-58.48944821930124, -34.68755175847337]]]}, "properties": {"hex_id": "88c2e388b3fffff", "barrio": "Villa Lugano", "comuna": 8, "riesgo_manana": 0.1439, "riesgo_tarde": 0.1739, "riesgo_noche": 0.0559, "riesgo_madrugada": 0.0494}}, {"type": "Feature", "geometry": {"type": "Polygon", "coordinates": [[[-58.4752111161763, -34.693447598822615], [-58.47121520571448, -34.691574418284446], [-58.47196549379151, -34.687736026057976], [-58.47671156055282, -34.68577091763367], [-58.48070723084527, -34.68764420046198], [-58.47995707454963, -34.691482489415726], [-58.4752111161763, -34.693447598822615]]]}, "properties": {"hex_id": "88c2e388b5fffff", "barrio": "Villa Riachuelo", "comuna": 8, "riesgo_manana": 0.2146, "riesgo_tarde": 0.2201, "riesgo_noche": 0.0631, "riesgo_madrugada": 0.0525}}, {"type": "Feature", "geometry": {"type": "Polygon", "coordinates": [[[-58.48070723084527, -34.68764420046198], [-58.47671156055282, -34.68577091763367], [-58.47746175708137, -34.68193216749162], [-58.48220749211842, -34.67996680350983], [-58.4862029221931, -34.681840188678386], [-58.48545285745236, -34.685678835479756], [-58.48070723084527, -34.68764420046198]]]}, "properties": {"hex_id": "88c2e388b7fffff", "barrio": "Villa Lugano", "comuna": 8, "riesgo_manana": 0.1842, "riesgo_tarde": 0.1951, "riesgo_noche": 0.0518, "riesgo_madrugada": 0.0487}}, {"type": "Feature", "geometry": {"type": "Polygon", "coordinates": [[[-58.44898194547019, -34.69372076518054], [-58.44498511082296, -34.69184650466592], [-58.445735794153265, -34.68800780287464], [-58.45048318039876, -34.68604346473529], [-58.454479775134374, -34.687917827425835], [-58.45372922353998, -34.691756426071066], [-58.44898194547019, -34.69372076518054]]]}, "properties": {"hex_id": "88c2e38993fffff", "barrio": "Villa Riachuelo", "comuna": 8, "riesgo_manana": 0.0, "riesgo_tarde": 0.0, "riesgo_noche": 0.0, "riesgo_madrugada": 0.0}}, {"type": "Feature", "geometry": {"type": "Polygon", "coordinates": [[[-58.520164104937855, -34.6642377526413], [-58.51617001352672, -34.662364779456595], [-58.516919580200195, -34.658524805659], [-58.52166310644511, -34.65655790873449], [-58.52565695727406, -34.65843098453581], [-58.52490752244411, -34.66227085463632], [-58.520164104937855, -34.6642377526413]]]}, "properties": {"hex_id": "88c2e38d07fffff", "barrio": "Mataderos", "comuna": 9, "riesgo_manana": 0.1425, "riesgo_tarde": 0.152, "riesgo_noche": 0.0328, "riesgo_madrugada": 0.0305}}, {"type": "Feature", "geometry": {"type": "Polygon", "coordinates": [[[-58.502687455787886, -34.66442447476854], [-58.498692746656516, -34.662550782278934], [-58.49944257697199, -34.65871060121385], [-58.504186984609184, -34.65674421624223], [-58.508181453329506, -34.65861801127227], [-58.50743175482752, -34.66245808872474], [-58.502687455787886, -34.66442447476854]]]}, "properties": {"hex_id": "88c2e38d21fffff", "barrio": "Mataderos", "comuna": 9, "riesgo_manana": 0.2552, "riesgo_tarde": 0.2347, "riesgo_noche": 0.0621, "riesgo_madrugada": 0.0489}}, {"type": "Feature", "geometry": {"type": "Polygon", "coordinates": [[[-58.508181453329506, -34.65861801127227], [-58.504186984609184, -34.65674421624223], [-58.504936723366605, -34.65290367763145], [-58.5096807990283, -34.6509370377226], [-58.513675027289366, -34.65281093534307], [-58.51292542035183, -34.6566513702732], [-58.508181453329506, -34.65861801127227]]]}, "properties": {"hex_id": "88c2e38d23fffff", "barrio": "Mataderos", "comuna": 9, "riesgo_manana": 0.3175, "riesgo_tarde": 0.3157, "riesgo_noche": 0.0788, "riesgo_madrugada": 0.0693}}, {"type": "Feature", "geometry": {"type": "Polygon", "coordinates": [[[-58.49394800709404, -34.66451691218918], [-58.48995298932394, -34.66264285995753], [-58.49070295143786, -34.658802575322035], [-58.49544779952726, -34.65683644647987], [-58.49944257697199, -34.65871060121385], [-58.498692746656516, -34.662550782278934], [-58.49394800709404, -34.66451691218918]]]}, "properties": {"hex_id": "88c2e38d25fffff", "barrio": "Mataderos", "comuna": 9, "riesgo_manana": 0.0828, "riesgo_tarde": 0.0874, "riesgo_noche": 0.0229, "riesgo_madrugada": 0.024}}, {"type": "Feature", "geometry": {"type": "Polygon", "coordinates": [[[-58.49944257697199, -34.65871060121385], [-58.49544779952726, -34.65683644647987], [-58.49619767008953, -34.652995804230656], [-58.50094218629552, -34.65102942034512], [-58.504936723366605, -34.65290367763145], [-58.504186984609184, -34.65674421624223], [-58.49944257697199, -34.65871060121385]]]}, "properties": {"hex_id": "88c2e38d27fffff", "barrio": "Mataderos", "comuna": 9, "riesgo_manana": 0.2416, "riesgo_tarde": 0.2297, "riesgo_noche": 0.0606, "riesgo_madrugada": 0.0442}}, {"type": "Feature", "geometry": {"type": "Polygon", "coordinates": [[[-58.50593230651678, -34.670137424948024], [-58.50193766572336, -34.66826419466925], [-58.502687455787886, -34.66442447476854], [-58.50743175482752, -34.66245808872474], [-58.51142615517255, -34.664331421532], [-58.510676496930145, -34.66817103784587], [-58.50593230651678, -34.670137424948024]]]}, "properties": {"hex_id": "88c2e38d29fffff", "barrio": "Mataderos", "comuna": 9, "riesgo_manana": 0.2307, "riesgo_tarde": 0.2256, "riesgo_noche": 0.0676, "riesgo_madrugada": 0.0548}}, {"type": "Feature", "geometry": {"type": "Polygon", "coordinates": [[[-58.51142615517255, -34.664331421532], [-58.50743175482752, -34.66245808872474], [-58.508181453329506, -34.65861801127227], [-58.51292542035183, -34.6566513702732], [-58.516919580200195, -34.658524805659], [-58.51617001352672, -34.662364779456595], [-58.51142615517255, -34.664331421532]]]}, "properties": {"hex_id": "88c2e38d2bfffff", "barrio": "Mataderos", "comuna": 9, "riesgo_manana": 0.2509, "riesgo_tarde": 0.2437, "riesgo_noche": 0.0638, "riesgo_madrugada": 0.0423}}, {"type": "Feature", "geometry": {"type": "Polygon", "coordinates": [[[-58.49719303471654, -34.67023032563371], [-58.493198085222424, -34.668356735634504], [-58.49394800709404, -34.66451691218918], [-58.498692746656516, -34.662550782278934], [-58.502687455787886, -34.66442447476854], [-58.50193766572336, -34.66826419466925], [-58.49719303471654, -34.67023032563371]]]}, "properties": {"hex_id": "88c2e38d2dfffff", "barrio": "Mataderos", "comuna": 9, "riesgo_manana": 0.2825, "riesgo_tarde": 0.2777, "riesgo_noche": 0.0882, "riesgo_madrugada": 0.0776}}, {"type": "Feature", "geometry": {"type": "Polygon", "coordinates": [[[-58.52241258154776, -34.652717577527234], [-58.51841866224422, -34.650844039512904], [-58.51916817761542, -34.64700324717923], [-58.52391148045274, -34.64503609664215], [-58.52790515916325, -34.64690973733505], [-58.527155775633304, -34.650750425877774], [-58.52241258154776, -34.652717577527234]]]}, "properties": {"hex_id": "88c2e38d31fffff", "barrio": "Liniers", "comuna": 9, "riesgo_manana": 0.1761, "riesgo_tarde": 0.175, "riesgo_noche": 0.0479, "riesgo_madrugada": 0.0327}}, {"type": "Feature", "geometry": {"type": "Polygon", "coordinates": [[[-58.52790515916325, -34.64690973733505], [-58.52391148045274, -34.64503609664215], [-58.52466090425573, -34.64119494697915], [-58.52940387492546, -34.63922754185936], [-58.53339731299478, -34.64110128528084], [-58.53264802103939, -34.64494233108482], [-58.52790515916325, -34.64690973733505]]]}, "properties": {"hex_id": "88c2e38d33fffff", "barrio": "Liniers", "comuna": 9, "riesgo_manana": 0.4027, "riesgo_tarde": 0.3872, "riesgo_noche": 0.0927, "riesgo_madrugada": 0.0881}}, {"type": "Feature", "geometry": {"type": "Polygon", "coordinates": [[[-58.513675027289366, -34.65281093534307], [-58.5096807990283, -34.6509370377226], [-58.510430446225776, -34.64709614164023], [-58.515174189861874, -34.6451292469183], [-58.51916817761542, -34.64700324717923], [-58.51841866224422, -34.650844039512904], [-58.513675027289366, -34.65281093534307]]]}, "properties": {"hex_id": "88c2e38d35fffff", "barrio": "Liniers", "comuna": 9, "riesgo_manana": 0.2754, "riesgo_tarde": 0.2485, "riesgo_noche": 0.0822, "riesgo_madrugada": 0.0643}}, {"type": "Feature", "geometry": {"type": "Polygon", "coordinates": [[[-58.51916817761542, -34.64700324717923], [-58.515174189861874, -34.6451292469183], [-58.515923745497496, -34.64128799343857], [-58.520667157057865, -34.63932084402777], [-58.52466090425573, -34.64119494697915], [-58.52391148045274, -34.64503609664215], [-58.51916817761542, -34.64700324717923]]]}, "properties": {"hex_id": "88c2e38d37fffff", "barrio": "Liniers", "comuna": 9, "riesgo_manana": 0.2873, "riesgo_tarde": 0.2805, "riesgo_noche": 0.0714, "riesgo_madrugada": 0.0545}}, {"type": "Feature", "geometry": {"type": "Polygon", "coordinates": [[[-58.52565695727406, -34.65843098453581], [-58.52166310644511, -34.65655790873449], [-58.52241258154776, -34.652717577527234], [-58.527155775633304, -34.650750425877774], [-58.53114938583189, -34.652623604345756], [-58.53040004257912, -34.656463831787846], [-58.52565695727406, -34.65843098453581]]]}, "properties": {"hex_id": "88c2e38d39fffff", "barrio": "Liniers", "comuna": 9, "riesgo_manana": 0.1296, "riesgo_tarde": 0.138, "riesgo_noche": 0.0309, "riesgo_madrugada": 0.0197}}, {"type": "Feature", "geometry": {"type": "Polygon", "coordinates": [[[-58.516919580200195, -34.658524805659], [-58.51292542035183, -34.6566513702732], [-58.513675027289366, -34.65281093534307], [-58.51841866224422, -34.650844039512904], [-58.52241258154776, -34.652717577527234], [-58.52166310644511, -34.65655790873449], [-58.516919580200195, -34.658524805659]]]}, "properties": {"hex_id": "88c2e38d3dfffff", "barrio": "Mataderos", "comuna": 9, "riesgo_manana": 0.2104, "riesgo_tarde": 0.2021, "riesgo_noche": 0.0547, "riesgo_madrugada": 0.032}}, {"type": "Feature", "geometry": {"type": "Polygon", "coordinates": [[[-58.49494333852903, -34.6817475936167], [-58.49094821698366, -34.67987456824476], [-58.491698190167575, -34.67603556366964], [-58.496443153091384, -34.67406968790861], [-58.500438034284905, -34.675942815708936], [-58.49968819291033, -34.67978171683319], [-58.49494333852903, -34.6817475936167]]]}, "properties": {"hex_id": "88c2e38d65fffff", "barrio": "Villa Lugano", "comuna": 8, "riesgo_manana": 0.1936, "riesgo_tarde": 0.2323, "riesgo_noche": 0.0731, "riesgo_madrugada": 0.0693}}, {"type": "Feature", "geometry": {"type": "Polygon", "coordinates": [[[-58.500438034284905, -34.675942815708936], [-58.496443153091384, -34.67406968790861], [-58.49719303471654, -34.67023032563371], [-58.50193766572336, -34.66826419466925], [-58.50593230651678, -34.670137424948024], [-58.505182556707325, -34.67397668370409], [-58.500438034284905, -34.675942815708936]]]}, "properties": {"hex_id": "88c2e38d67fffff", "barrio": "Mataderos", "comuna": 9, "riesgo_manana": 0.198, "riesgo_tarde": 0.2059, "riesgo_noche": 0.06, "riesgo_madrugada": 0.0646}}]}